control_set,construct,target,n,partial_r,p_fisher,bootstrap_ci_low,bootstrap_ci_high,q_fdr_all,bonferroni_p_all,max_stat_permutation_p
level_controlled,core_history_skill,baseline_depression,512,-0.16918302846760644,0.00011620410578494386,-0.2517203038776849,-0.0858769326380777,0.003253714961978428,0.003253714961978428,0.001996007984031936
level_controlled,core_history_skill,baseline_anxiety,510,-0.15619539307180735,0.0003910873903421186,-0.24125285676412767,-0.06478354423873296,0.0046600556109051535,0.01095044692957932,0.00998003992015968
level_controlled,core_forecastability,baseline_stress,512,-0.15308567824945699,0.0004992916725969807,-0.23492237047609266,-0.07646106930004884,0.0046600556109051535,0.013980166832715461,0.011976047904191617
level_controlled,core_forecastability,baseline_depression,512,-0.14567127592319826,0.0009328233217626684,-0.22056943885791935,-0.06759678081732794,0.006529763252338679,0.026119053009354715,0.02594810379241517
level_controlled,rich_forecastability,baseline_stress,512,-0.1336214628216255,0.002423169087757046,-0.21694302098910803,-0.04854963849380545,0.013569746891439458,0.06784873445719729,0.059880239520958084
level_controlled,core_history_skill,baseline_stress,512,-0.13024172408849252,0.0031249383563483803,-0.21956426054958927,-0.046306272264358087,0.014583045662959107,0.08749827397775464,0.07385229540918163
level_controlled,rich_history_skill,baseline_stress,512,-0.1255098790053274,0.004418291964007623,-0.21003329368023768,-0.03283081518702979,0.017673167856030493,0.12371217499221346,0.08582834331337326
level_controlled,core_forecastability,baseline_anxiety,510,-0.12237600613970664,0.005616321513828504,-0.19800350309888373,-0.05064753225076287,0.019657125298399764,0.1572570023871981,0.11177644710578842
level_controlled,rich_forecastability,baseline_anxiety,510,-0.11990913613199425,0.006667584715523362,-0.2007038995249475,-0.03911545558722575,0.020743596892739347,0.18669237203465414,0.13572854291417166
level_controlled,rich_history_skill,baseline_conscientiousness,511,0.11718801879572371,0.007966758619952462,0.027314643467066416,0.21244631705522338,0.022306924135866893,0.22306924135866893,0.1536926147704591
level_controlled,rich_history_skill,baseline_anxiety,510,-0.11564903818072943,0.008903600294529445,-0.20216263529179662,-0.028708955729864816,0.022663709840620407,0.24930080824682446,0.1596806387225549
level_controlled,rich_forecastability,baseline_depression,512,-0.11386683188797221,0.00987594897933079,-0.19783531408249963,-0.02917931468977582,0.023043880951771845,0.27652657142126214,0.18163672654690619
level_controlled,core_history_skill,baseline_conscientiousness,511,0.10615316936927593,0.016322695772892363,0.022804665710482414,0.1858060003101072,0.03007445191691527,0.4570354816409862,0.2894211576846307
level_controlled,core_history_skill,baseline_loneliness,512,-0.10571896374492815,0.016662368486328998,-0.18650199399305642,-0.026889504472532487,0.03007445191691527,0.46654631761721194,0.29141716566866266
level_controlled,core_forecastability,baseline_loneliness,512,-0.10543845623074383,0.016955350240028658,-0.19105744613936204,-0.020845417110886097,0.03007445191691527,0.4747498067208024,0.2934131736526946
level_controlled,rich_history_skill,baseline_depression,512,-0.10522115469647514,0.017185401095380155,-0.19912884760988422,-0.013057902456720862,0.03007445191691527,0.48119123067064434,0.2994011976047904
level_controlled,rich_forecastability,baseline_loneliness,512,-0.09450803910626175,0.032469626592048245,-0.17741957464191618,-0.009886149339041967,0.05347938497513829,0.9091495445773509,0.500998003992016
level_controlled,core_forecastability,baseline_conscientiousness,511,0.06151136642298533,0.16509188706982023,-0.028020623334845455,0.14912843014926938,0.25680960210860926,1.0,0.9780439121756487
level_controlled,core_history_skill,baseline_social_fit,510,0.05150333256919628,0.24575982194511797,-0.032285421972359125,0.13253071373176475,0.36217236918227913,1.0,1.0
level_controlled,core_forecastability,baseline_extraversion,511,-0.04800677809222873,0.2788749182675163,-0.13794730065644678,0.04346582410405822,0.3904248855745228,1.0,1.0
level_controlled,rich_forecastability,baseline_conscientiousness,511,0.041698362080675365,0.34702337845013215,-0.04562102950335454,0.1273895563993437,0.4626978379335095,1.0,1.0
level_controlled,rich_history_skill,baseline_loneliness,512,-0.03811469769003913,0.3896107189025965,-0.1268703374955919,0.04895323243512338,0.46512506163683226,1.0,1.0
level_controlled,core_history_skill,baseline_extraversion,511,0.03782721384547703,0.39366534721326374,-0.04135655315158476,0.11654491507608183,0.46512506163683226,1.0,1.0
level_controlled,rich_forecastability,baseline_social_fit,510,-0.037465079437291215,0.39867862426014194,-0.11990112217293471,0.04148568907114267,0.46512506163683226,1.0,1.0
level_controlled,core_forecastability,baseline_social_fit,510,-0.015140296793960808,0.7331525342463783,-0.0988899722064199,0.06578960995827923,0.8211308383559437,1.0,1.0
level_controlled,rich_history_skill,baseline_extraversion,511,0.007036085585118441,0.8739935371457854,-0.0726229624429045,0.08814354492412169,0.9412238092339228,1.0,1.0
level_controlled,rich_forecastability,baseline_extraversion,511,0.0005681005785479432,0.9897838954480562,-0.09281558987658271,0.08673719303483635,0.9988736935928467,1.0,1.0
level_controlled,rich_history_skill,baseline_social_fit,510,-6.269207683338559e-05,0.9988736935928467,-0.08504040089822706,0.0805546377871702,0.9988736935928467,1.0,1.0
level_variability_controlled,core_forecastability,baseline_depression,512,-0.16874318918950784,0.0001211516096909173,-0.2449822938899017,-0.09326445931017341,0.0020173430449759743,0.0033922450713456845,0.005988023952095809
level_variability_controlled,core_history_skill,baseline_depression,512,-0.16690151531376296,0.00014409593178399817,-0.24173630109500835,-0.07595187701941743,0.0020173430449759743,0.004034686089951949,0.007984031936127744
level_variability_controlled,core_forecastability,baseline_stress,512,-0.15809485651548794,0.000321967471789704,-0.23918266335356528,-0.0736349027454783,0.0030050297367039043,0.009015089210111713,0.011976047904191617
level_variability_controlled,core_history_skill,baseline_anxiety,510,-0.15399847936240804,0.00047345874303970936,-0.2343239681991694,-0.07277123242988774,0.0030495876438907344,0.013256844805111863,0.015968063872255488
level_variability_controlled,core_forecastability,baseline_anxiety,510,-0.1523711834314976,0.0005445692221233454,-0.23218883447162367,-0.06774213791578292,0.0030495876438907344,0.015247938219453671,0.017964071856287425
level_variability_controlled,core_forecastability,baseline_loneliness,512,-0.1424493502375812,0.0012129794060466409,-0.22717677101465164,-0.06678902530633382,0.005660570561550991,0.033963423369305946,0.03792415169660679
level_variability_controlled,core_history_skill,baseline_stress,512,-0.11925241425055695,0.006865044840307219,-0.2010148724113482,-0.030979252296311533,0.027460179361228874,0.19222125552860211,0.15169660678642716
level_variability_controlled,rich_forecastability,baseline_loneliness,512,-0.11378160924989619,0.009931799874496362,-0.19685860326616939,-0.03865023215993771,0.03476129956073727,0.2780903964858982,0.20159680638722555
level_variability_controlled,rich_history_skill,baseline_conscientiousness,511,0.11169658326359376,0.01146941567083568,0.02483527956075136,0.2027483765251072,0.035682626531488786,0.3211436387833991,0.22355289421157684
level_variability_controlled,rich_forecastability,baseline_anxiety,510,-0.10892819980915205,0.01379838466197508,-0.18780008068156853,-0.03221291316556516,0.03863547705353022,0.3863547705353022,0.2634730538922156
level_variability_controlled,core_history_skill,baseline_loneliness,512,-0.10546115900804498,0.01693147149547695,-0.18568951259090413,-0.019757048529653185,0.0430507387503916,0.4740812018733546,0.3033932135728543
level_variability_controlled,core_history_skill,baseline_conscientiousness,511,0.10360437805810609,0.01910205773773985,0.018555424224970682,0.18586439290028567,0.0430507387503916,0.5348576166567158,0.3273453093812375
level_variability_controlled,rich_forecastability,baseline_depression,512,-0.10239838886549286,0.020430922805238946,-0.18768215642790406,-0.021192291982086883,0.0430507387503916,0.5720658385466905,0.34331337325349304
level_variability_controlled,rich_history_skill,baseline_anxiety,510,-0.10173304115419732,0.0215253693751958,-0.18738931387698635,-0.012193162824803242,0.0430507387503916,0.6027103425054824,0.35129740518962077
level_variability_controlled,rich_history_skill,baseline_depression,512,-0.09971931589383093,0.023991063959651462,-0.18310051600454688,-0.012368209819175524,0.0447833193913494,0.671749790870241,0.40119760479041916
level_variability_controlled,rich_history_skill,baseline_stress,512,-0.0981091832829485,0.026378938040302728,-0.18744068326081295,-0.012705600596254096,0.046163141570529774,0.7386102651284764,0.4411177644710579
level_variability_controlled,rich_forecastability,baseline_stress,512,-0.09001358103876227,0.041719177608474683,-0.1773465951560436,0.010386608923231544,0.0669091162463442,1.0,0.590818363273453
level_variability_controlled,core_forecastability,baseline_social_fit,510,0.08962933384633222,0.04301300330122127,0.006635842976916985,0.17532199684527655,0.0669091162463442,1.0,0.6067864271457086
level_variability_controlled,rich_forecastability,baseline_extraversion,511,0.08215078420625302,0.06348679270287946,-0.00743144918025567,0.1630642559098032,0.09355948398319078,1.0,0.7385229540918163
level_variability_controlled,core_history_skill,baseline_social_fit,510,0.06529030110417501,0.14096313678615274,-0.015459546201484188,0.15423520944590743,0.19734839150061384,1.0,0.9620758483033932
level_variability_controlled,core_forecastability,baseline_conscientiousness,511,0.05608447149641214,0.2057252267933158,-0.026403165757015522,0.14249230828070067,0.27430030239108777,1.0,0.9940119760479041
level_variability_controlled,rich_forecastability,baseline_social_fit,510,0.05099311194348891,0.2504770824175804,-0.03200771395816476,0.1331807814173236,0.31477824975743546,1.0,0.998003992015968
level_variability_controlled,core_history_skill,baseline_extraversion,511,0.05008405626251887,0.25856784801503624,-0.03120616292839009,0.1325282724776516,0.31477824975743546,1.0,0.998003992015968
level_variability_controlled,rich_history_skill,baseline_loneliness,512,-0.037119785593948414,0.40211748483293475,-0.12775887203130065,0.046731152230099014,0.4691370656384239,1.0,1.0
level_variability_controlled,core_forecastability,baseline_extraversion,511,0.03425897750523505,0.43984176911088385,-0.06849493292894007,0.12428716688635724,0.4926227814041899,1.0,1.0
level_variability_controlled,rich_history_skill,baseline_social_fit,510,0.02536947745403559,0.5677566479475905,-0.057510224215730786,0.10948859043260442,0.6114302362512514,1.0,1.0
level_variability_controlled,rich_history_skill,baseline_extraversion,511,0.02177732274596796,0.623487598381937,-0.0643906059270889,0.10285412202584965,0.6465797316553421,1.0,1.0
level_variability_controlled,rich_forecastability,baseline_conscientiousness,511,0.010936832957617593,0.8052847359430688,-0.06752206415362075,0.08873591525076069,0.8052847359430688,1.0,1.0
