regime,target_name,half,model,n_train_rows,n_train_trajectories,coefficient_l2_norm
expanding_refit,active_duration,early,history,13100,646,0.3706822092136488
expanding_refit,active_duration,early,calendar,13100,646,0.13543878849391988
expanding_refit,active_duration,late,history,17003,646,0.3728881492820049
expanding_refit,active_duration,late,calendar,17003,646,0.11861312818439311
disjoint_refit,active_duration,early,history,6864,643,0.3842100931816932
disjoint_refit,active_duration,early,calendar,6864,643,0.18521313585764868
disjoint_refit,active_duration,late,history,7153,643,0.38278484018934156
disjoint_refit,active_duration,late,calendar,7153,643,0.11429353440997761
expanding_refit,bluetooth_unique_devices,early,history,14627,696,1.0243778497938554
expanding_refit,bluetooth_unique_devices,early,calendar,14627,696,0.0756629989123362
expanding_refit,bluetooth_unique_devices,late,history,18967,696,0.9858151462307292
expanding_refit,bluetooth_unique_devices,late,calendar,18967,696,0.06612821821485933
disjoint_refit,bluetooth_unique_devices,early,history,7700,695,0.9987465475659341
disjoint_refit,bluetooth_unique_devices,early,calendar,7700,695,0.07275989279108029
disjoint_refit,bluetooth_unique_devices,late,history,7891,695,0.8510010479072778
disjoint_refit,bluetooth_unique_devices,late,calendar,7891,695,0.08665817216802738
expanding_refit,incoming_call_count,early,history,9334,681,0.2722004780476406
expanding_refit,incoming_call_count,early,calendar,9334,681,0.06551448969460613
expanding_refit,incoming_call_count,late,history,12279,689,0.28132584807699185
expanding_refit,incoming_call_count,late,calendar,12279,689,0.062017927238840934
disjoint_refit,incoming_call_count,early,history,4887,675,0.27843225898531565
disjoint_refit,incoming_call_count,early,calendar,4887,675,0.07404773925128043
disjoint_refit,incoming_call_count,late,history,5038,675,0.3166981353872178
disjoint_refit,incoming_call_count,late,calendar,5038,675,0.06621635436999851
expanding_refit,location_distance,early,history,14593,630,1.2960269109729774
expanding_refit,location_distance,early,calendar,14593,630,0.6578228259365854
expanding_refit,location_distance,late,history,18885,630,1.3417048572242856
expanding_refit,location_distance,late,calendar,18885,630,0.5736912146845529
disjoint_refit,location_distance,early,history,7719,630,0.9104429488998815
disjoint_refit,location_distance,early,calendar,7719,630,0.5906467339642572
disjoint_refit,location_distance,late,history,7888,630,2.17969894648551
disjoint_refit,location_distance,late,calendar,7888,630,0.5506260940710369
expanding_refit,location_entropy,early,history,16202,693,0.15552806454212428
expanding_refit,location_entropy,early,calendar,16202,693,0.10663967377192944
expanding_refit,location_entropy,late,history,20971,693,0.15043961793200816
expanding_refit,location_entropy,late,calendar,20971,693,0.09108543146886311
disjoint_refit,location_entropy,early,history,8550,693,0.15223485851058655
disjoint_refit,location_entropy,early,calendar,8550,693,0.10240132611393676
disjoint_refit,location_entropy,late,history,8770,693,0.1494698142615025
disjoint_refit,location_entropy,late,calendar,8770,693,0.06963378984229097
expanding_refit,location_home_time,early,history,14593,630,0.8680481786565059
expanding_refit,location_home_time,early,calendar,14593,630,0.33916542801222804
expanding_refit,location_home_time,late,history,18885,630,0.890172263262539
expanding_refit,location_home_time,late,calendar,18885,630,0.28304359123549155
disjoint_refit,location_home_time,early,history,7719,630,0.7404765882583914
disjoint_refit,location_home_time,early,calendar,7719,630,0.2938736150583547
disjoint_refit,location_home_time,late,history,7888,630,1.0493319291372143
disjoint_refit,location_home_time,late,calendar,7888,630,0.21914183333285397
expanding_refit,outgoing_call_count,early,history,9334,681,0.4633223977196623
expanding_refit,outgoing_call_count,early,calendar,9334,681,0.07246728296221354
expanding_refit,outgoing_call_count,late,history,12279,689,0.491507093482145
expanding_refit,outgoing_call_count,late,calendar,12279,689,0.07510530284747391
disjoint_refit,outgoing_call_count,early,history,4887,675,0.416074946808284
disjoint_refit,outgoing_call_count,early,calendar,4887,675,0.08596865856703012
disjoint_refit,outgoing_call_count,late,history,5038,675,0.5843810099970682
disjoint_refit,outgoing_call_count,late,calendar,5038,675,0.07627369228033613
expanding_refit,screen_unlock_count,early,history,16217,696,0.4070756001762205
expanding_refit,screen_unlock_count,early,calendar,16217,696,0.022847011642551537
expanding_refit,screen_unlock_count,late,history,20988,696,0.4013489008407436
expanding_refit,screen_unlock_count,late,calendar,20988,696,0.030705601799253832
disjoint_refit,screen_unlock_count,early,history,8571,696,0.44945282901904116
disjoint_refit,screen_unlock_count,early,calendar,8571,696,0.025727767038567356
disjoint_refit,screen_unlock_count,late,history,8778,696,0.4068369526059979
disjoint_refit,screen_unlock_count,late,calendar,8778,696,0.04725922311097918
expanding_refit,screen_unlock_duration,early,history,16217,696,0.2868249731694454
expanding_refit,screen_unlock_duration,early,calendar,16217,696,0.0451693463975186
expanding_refit,screen_unlock_duration,late,history,20988,696,0.2825309344802575
expanding_refit,screen_unlock_duration,late,calendar,20988,696,0.04016980881231998
disjoint_refit,screen_unlock_duration,early,history,8571,696,0.277554851367526
disjoint_refit,screen_unlock_duration,early,calendar,8571,696,0.05961749452075859
disjoint_refit,screen_unlock_duration,late,history,8778,696,0.2805216044581539
disjoint_refit,screen_unlock_duration,late,calendar,8778,696,0.06421251978938801
expanding_refit,sedentary_duration,early,history,13101,646,0.038393988243962195
expanding_refit,sedentary_duration,early,calendar,13101,646,0.0190959538119902
expanding_refit,sedentary_duration,late,history,17004,646,0.03837854982953822
expanding_refit,sedentary_duration,late,calendar,17004,646,0.01715434195917502
disjoint_refit,sedentary_duration,early,history,6864,643,0.03934782394876092
disjoint_refit,sedentary_duration,early,calendar,6864,643,0.023721473833313404
disjoint_refit,sedentary_duration,late,history,7153,643,0.0393093070394514
disjoint_refit,sedentary_duration,late,calendar,7153,643,0.017763677398465152
expanding_refit,significant_places,early,history,16202,693,0.4065612212033551
expanding_refit,significant_places,early,calendar,16202,693,0.26010401735793287
expanding_refit,significant_places,late,history,20971,693,0.3881170068413844
expanding_refit,significant_places,late,calendar,20971,693,0.22237184607712018
disjoint_refit,significant_places,early,history,8550,693,0.4036565812438987
disjoint_refit,significant_places,early,calendar,8550,693,0.2466113405359131
disjoint_refit,significant_places,late,history,8770,693,0.35975046217705475
disjoint_refit,significant_places,late,calendar,8770,693,0.16807503178263247
expanding_refit,sleep_duration,early,history,11912,633,0.13271585801842725
expanding_refit,sleep_duration,early,calendar,11912,633,0.04515441586137966
expanding_refit,sleep_duration,late,history,15529,640,0.13036497220202903
expanding_refit,sleep_duration,late,calendar,15529,640,0.04481665953661582
disjoint_refit,sleep_duration,early,history,6280,628,0.14105386318005458
disjoint_refit,sleep_duration,early,calendar,6280,628,0.0718163104646902
disjoint_refit,sleep_duration,late,history,6422,628,0.12501282405544553
disjoint_refit,sleep_duration,late,calendar,6422,628,0.05151065051957319
expanding_refit,sleep_efficiency,early,history,11762,633,0.037391359307933004
expanding_refit,sleep_efficiency,early,calendar,11762,633,0.0028119532472522975
expanding_refit,sleep_efficiency,late,history,15336,640,0.03440303241327118
expanding_refit,sleep_efficiency,late,calendar,15336,640,0.0027774382866723665
disjoint_refit,sleep_efficiency,early,history,6203,628,0.037654691693976054
disjoint_refit,sleep_efficiency,early,calendar,6203,628,0.002063959259728255
disjoint_refit,sleep_efficiency,late,history,6336,628,0.03207822996707166
disjoint_refit,sleep_efficiency,late,calendar,6336,628,0.005282227621041581
expanding_refit,sleep_in_bed,early,history,11912,633,0.12422898698901655
expanding_refit,sleep_in_bed,early,calendar,11912,633,0.04363383248582265
expanding_refit,sleep_in_bed,late,history,15529,640,0.12177626596854095
expanding_refit,sleep_in_bed,late,calendar,15529,640,0.04310710027250566
disjoint_refit,sleep_in_bed,early,history,6280,628,0.1309676868111569
disjoint_refit,sleep_in_bed,early,calendar,6280,628,0.07166062352308183
disjoint_refit,sleep_in_bed,late,history,6422,628,0.11818735050318346
disjoint_refit,sleep_in_bed,late,calendar,6422,628,0.04818734252818628
expanding_refit,steps_sum,early,history,13104,646,0.5188363425269363
expanding_refit,steps_sum,early,calendar,13104,646,0.1515029940033396
expanding_refit,steps_sum,late,history,17007,646,0.5189283729296853
expanding_refit,steps_sum,late,calendar,17007,646,0.13717157267483515
disjoint_refit,steps_sum,early,history,6864,643,0.5010820268531848
disjoint_refit,steps_sum,early,calendar,6864,643,0.22034393205631703
disjoint_refit,steps_sum,late,history,7154,643,0.5496823428371473
disjoint_refit,steps_sum,late,calendar,7154,643,0.19533282287801518
expanding_refit,wifi_unique_devices,early,history,9527,394,0.44932197646225025
expanding_refit,wifi_unique_devices,early,calendar,9527,394,0.061000432430268814
expanding_refit,wifi_unique_devices,late,history,12307,394,0.4242103341257893
expanding_refit,wifi_unique_devices,late,calendar,12307,394,0.05457415157954667
disjoint_refit,wifi_unique_devices,early,history,5033,394,0.5442451427652643
disjoint_refit,wifi_unique_devices,early,calendar,5033,394,0.05294960786431611
disjoint_refit,wifi_unique_devices,late,history,5197,394,0.48176172441179277
disjoint_refit,wifi_unique_devices,late,calendar,5197,394,0.11887728167119961
