regime,scope,measure,sample,n_trajectories,same_person_mean,matched_cross_person_mean,delta,permutation_p,n_permutations
disjoint_refit,core,forecastability,all_trajectories,499,0.3410875815188432,0.0754576957872966,0.2656298857315466,9.999000099990002e-05,10000
disjoint_refit,core,forecastability,known_single_year_only,215,0.3232883687282656,0.06276405086391575,0.2605243178643499,0.001996007984031936,500
disjoint_refit,core,forecastability_residual_sd,all_trajectories,499,0.2155588090899242,0.019748934461713313,0.1958098746282109,0.001996007984031936,500
disjoint_refit,core,forecastability_residual_sd,known_single_year_only,215,0.2060018334454941,0.0257763813084005,0.18022545213709362,0.001996007984031936,500
disjoint_refit,core,forecastability_residual_sd_entropy,all_trajectories,499,0.1740215868325551,0.011924124302408527,0.16209746253014656,9.999000099990002e-05,10000
disjoint_refit,core,forecastability_residual_sd_entropy,known_single_year_only,215,0.15960748249245338,0.013719970178888676,0.1458875123135647,0.001996007984031936,500
disjoint_refit,core,history_skill,all_trajectories,499,0.36385204217934836,0.03181965795010129,0.3320323842292471,0.001996007984031936,500
disjoint_refit,core,history_skill,known_single_year_only,215,0.3569820552310304,0.04063288249475599,0.3163491727362744,0.001996007984031936,500
disjoint_refit,core,history_skill_residual_sd,all_trajectories,499,0.3225944635235199,0.0020775463988885975,0.3205169171246313,0.001996007984031936,500
disjoint_refit,core,history_skill_residual_sd,known_single_year_only,215,0.31471750313846436,0.008144080457920616,0.3065734226805438,0.001996007984031936,500
disjoint_refit,core,history_skill_residual_sd_entropy,all_trajectories,499,0.26116041796155554,0.006770681880575119,0.2543897360809804,9.999000099990002e-05,10000
disjoint_refit,core,history_skill_residual_sd_entropy,known_single_year_only,215,0.2569240541312713,0.014876458830991026,0.24204759530028025,0.001996007984031936,500
disjoint_refit,rich,forecastability,all_trajectories,575,0.37104333645356413,0.08217040989633989,0.28887292655722424,0.001996007984031936,500
disjoint_refit,rich,forecastability,known_single_year_only,262,0.335087640956255,0.06626264162851869,0.2688249993277363,0.001996007984031936,500
disjoint_refit,rich,forecastability_residual_sd,all_trajectories,575,0.23551863165191367,0.013880652405376089,0.22163797924653758,0.001996007984031936,500
disjoint_refit,rich,forecastability_residual_sd,known_single_year_only,262,0.22652658782877633,0.017018784681165265,0.20950780314761105,0.001996007984031936,500
disjoint_refit,rich,forecastability_residual_sd_entropy,all_trajectories,575,0.1836889908288879,0.0075318698185841285,0.17615712101030376,0.001996007984031936,500
disjoint_refit,rich,forecastability_residual_sd_entropy,known_single_year_only,262,0.16841825379720987,0.010211143572230285,0.15820711022497957,0.001996007984031936,500
disjoint_refit,rich,history_skill,all_trajectories,575,0.372154621090421,0.042084838031789716,0.3300697830586313,0.001996007984031936,500
disjoint_refit,rich,history_skill,known_single_year_only,262,0.35469717245681476,0.04043203919954713,0.3142651332572676,0.001996007984031936,500
disjoint_refit,rich,history_skill_residual_sd,all_trajectories,575,0.3375317758726681,0.004506315118352722,0.3330254607543154,0.001996007984031936,500
disjoint_refit,rich,history_skill_residual_sd,known_single_year_only,262,0.32461124319660134,0.009183357787820944,0.3154278854087804,0.001996007984031936,500
disjoint_refit,rich,history_skill_residual_sd_entropy,all_trajectories,575,0.29201686448122244,0.0050201760802446906,0.28699668840097775,0.001996007984031936,500
disjoint_refit,rich,history_skill_residual_sd_entropy,known_single_year_only,262,0.2857334886509891,0.012756953817769109,0.27297653483322,0.001996007984031936,500
expanding_refit,core,forecastability,all_trajectories,521,0.34912408988845756,0.0686540888825455,0.2804700010059121,9.999000099990002e-05,10000
expanding_refit,core,forecastability,known_single_year_only,232,0.3228295987254441,0.05367376001418217,0.2691558387112619,0.001996007984031936,500
expanding_refit,core,forecastability_residual_sd,all_trajectories,521,0.1939233046463754,0.019899128514232367,0.17402417613214302,0.001996007984031936,500
expanding_refit,core,forecastability_residual_sd,known_single_year_only,232,0.1612280978351077,0.019838246328195357,0.14138985150691233,0.001996007984031936,500
expanding_refit,core,forecastability_residual_sd_entropy,all_trajectories,521,0.18378541259379172,0.01256006039381081,0.17122535219998092,9.999000099990002e-05,10000
expanding_refit,core,forecastability_residual_sd_entropy,known_single_year_only,232,0.1532464742984276,0.013417823002775647,0.13982865129565197,0.001996007984031936,500
expanding_refit,core,history_skill,all_trajectories,521,0.48618479061130837,0.031992928680545166,0.4541918619307632,0.001996007984031936,500
expanding_refit,core,history_skill,known_single_year_only,232,0.48213739164057046,0.04441856236393261,0.43771882927663786,0.001996007984031936,500
expanding_refit,core,history_skill_residual_sd,all_trajectories,521,0.4556691511930019,0.0045548983100926746,0.45111425288290924,0.001996007984031936,500
expanding_refit,core,history_skill_residual_sd,known_single_year_only,232,0.4427523828582439,0.013792964988761782,0.42895941786948216,0.001996007984031936,500
expanding_refit,core,history_skill_residual_sd_entropy,all_trajectories,521,0.36878329102782104,0.009112494373173161,0.35967079665464785,9.999000099990002e-05,10000
expanding_refit,core,history_skill_residual_sd_entropy,known_single_year_only,232,0.3505029921136477,0.017955344624118866,0.33254764748952886,0.001996007984031936,500
expanding_refit,rich,forecastability,all_trajectories,592,0.40596954017112596,0.07672786161339806,0.3292416785577279,0.001996007984031936,500
expanding_refit,rich,forecastability,known_single_year_only,273,0.3671180628505878,0.06138830601856116,0.30572975683202663,0.001996007984031936,500
expanding_refit,rich,forecastability_residual_sd,all_trajectories,592,0.25039843790910615,0.011982338795857408,0.23841609911324874,0.001996007984031936,500
expanding_refit,rich,forecastability_residual_sd,known_single_year_only,273,0.2101369264457799,0.012240886826322551,0.19789603961945734,0.001996007984031936,500
expanding_refit,rich,forecastability_residual_sd_entropy,all_trajectories,592,0.21489987343328537,0.005893957818421029,0.20900591561486434,0.001996007984031936,500
expanding_refit,rich,forecastability_residual_sd_entropy,known_single_year_only,273,0.17838133082471558,0.0065306089965910105,0.17185072182812458,0.001996007984031936,500
expanding_refit,rich,history_skill,all_trajectories,592,0.47496251062037415,0.04418964450689787,0.43077286611347626,0.001996007984031936,500
expanding_refit,rich,history_skill,known_single_year_only,273,0.45184043972942983,0.04482007157195136,0.4070203681574785,0.001996007984031936,500
expanding_refit,rich,history_skill_residual_sd,all_trajectories,592,0.44072401487716006,0.002487521546254361,0.4382364933309057,0.001996007984031936,500
expanding_refit,rich,history_skill_residual_sd,known_single_year_only,273,0.4107624154634785,0.009339185982067615,0.4014232294814109,0.001996007984031936,500
expanding_refit,rich,history_skill_residual_sd_entropy,all_trajectories,592,0.3834802067192447,0.0049847397343759335,0.3784954669848688,0.001996007984031936,500
expanding_refit,rich,history_skill_residual_sd_entropy,known_single_year_only,273,0.35707483748561025,0.01150327244430951,0.34557156504130077,0.001996007984031936,500
fixed_original,core,forecastability,all_trajectories,521,0.34953662936169755,0.06279839754337524,0.2867382318183223,9.999000099990002e-05,10000
fixed_original,core,forecastability,known_single_year_only,232,0.324427491428407,0.04934917292554872,0.27507831850285824,0.001996007984031936,500
fixed_original,core,forecastability_residual_sd,all_trajectories,521,0.199185557190946,0.016310607201776663,0.18287494998916934,0.001996007984031936,500
fixed_original,core,forecastability_residual_sd,known_single_year_only,232,0.16866639215782436,0.017509780914755354,0.151156611243069,0.001996007984031936,500
fixed_original,core,forecastability_residual_sd_entropy,all_trajectories,521,0.1903980055025129,0.010853838569535285,0.17954416693297762,9.999000099990002e-05,10000
fixed_original,core,forecastability_residual_sd_entropy,known_single_year_only,232,0.16146115709250458,0.010058453969742377,0.15140270312276222,0.001996007984031936,500
fixed_original,core,history_skill,all_trajectories,521,0.4891572116687441,0.034855251030821606,0.4543019606379225,0.001996007984031936,500
fixed_original,core,history_skill,known_single_year_only,232,0.4807589347750883,0.04653325352233367,0.4342256812527546,0.001996007984031936,500
fixed_original,core,history_skill_residual_sd,all_trajectories,521,0.45549454922305593,0.0016706086014536658,0.45382394062160225,0.001996007984031936,500
fixed_original,core,history_skill_residual_sd,known_single_year_only,232,0.4400718865917948,0.011179762557416956,0.4288921240343778,0.001996007984031936,500
fixed_original,core,history_skill_residual_sd_entropy,all_trajectories,521,0.37024389823615106,0.008410030302836557,0.3618338679333145,9.999000099990002e-05,10000
fixed_original,core,history_skill_residual_sd_entropy,known_single_year_only,232,0.35296006714335987,0.01511468840105516,0.3378453787423047,0.001996007984031936,500
fixed_original,rich,forecastability,all_trajectories,592,0.40455690803174194,0.07395304265648661,0.3306038653752553,0.001996007984031936,500
fixed_original,rich,forecastability,known_single_year_only,273,0.3661808137083978,0.05865488856403597,0.30752592514436183,0.001996007984031936,500
fixed_original,rich,forecastability_residual_sd,all_trajectories,592,0.2521742484208859,0.010719482289979314,0.2414547661309066,0.001996007984031936,500
fixed_original,rich,forecastability_residual_sd,known_single_year_only,273,0.21001240684470085,0.011147792781279616,0.19886461406342124,0.001996007984031936,500
fixed_original,rich,forecastability_residual_sd_entropy,all_trajectories,592,0.2182734392221852,0.006893173464358705,0.2113802657578265,0.001996007984031936,500
fixed_original,rich,forecastability_residual_sd_entropy,known_single_year_only,273,0.18015167565769974,0.007348025830521895,0.17280364982717783,0.001996007984031936,500
fixed_original,rich,history_skill,all_trajectories,592,0.4799396999012018,0.04687516104736764,0.4330645388538341,0.001996007984031936,500
fixed_original,rich,history_skill,known_single_year_only,273,0.45879114815213135,0.04683123242271063,0.4119599157294207,0.001996007984031936,500
fixed_original,rich,history_skill_residual_sd,all_trajectories,592,0.44145095953063956,0.0018472208340763014,0.4396037386965633,0.001996007984031936,500
fixed_original,rich,history_skill_residual_sd,known_single_year_only,273,0.41527523513343245,0.01057747258640553,0.40469776254702694,0.001996007984031936,500
fixed_original,rich,history_skill_residual_sd_entropy,all_trajectories,592,0.3856097130101847,0.004531908157942363,0.38107780485224235,0.001996007984031936,500
fixed_original,rich,history_skill_residual_sd_entropy,known_single_year_only,273,0.3643948012195551,0.008040097727589943,0.35635470349196513,0.001996007984031936,500
