regime,scope,analysis,measure,n_trajectories,pearson_r,ci_low,ci_high
disjoint_refit,core,pooled,forecastability,499,0.32249238447384626,0.21923808439598236,0.41444196422007884
disjoint_refit,core,pooled,history_skill,499,0.4447782662076684,0.3501689286039815,0.526516675421685
disjoint_refit,core,pooled,variability,499,0.17425688642074058,0.08345269952643322,0.2692794819724726
disjoint_refit,core,pooled,entropy,499,0.3428872506272584,0.2554024880500063,0.4207937570922516
disjoint_refit,core,cohort_fixed_effect_residual,forecastability,499,0.3213347175137173,0.22100045378990257,0.4147512968950353
disjoint_refit,core,residual_variability,forecastability,499,0.2390294036814369,0.1423213014070174,0.34434386835398645
disjoint_refit,core,residual_entropy,forecastability,499,0.33302964477498337,0.23128976950665286,0.42801655890989493
disjoint_refit,core,residual_variability_entropy,forecastability,499,0.19832950527247056,0.09990050966925541,0.3121999859577329
disjoint_refit,core,residual_variability,history_skill,499,0.43071490323370076,0.3367382400400151,0.5217266248237792
disjoint_refit,core,residual_entropy,history_skill,499,0.41917992416499084,0.32081333253974487,0.5191021804274663
disjoint_refit,core,residual_variability_entropy,history_skill,499,0.40461389751113735,0.3071450948525568,0.5026520459839049
disjoint_refit,rich,pooled,forecastability,575,0.32910107632218866,0.24822225108968388,0.4148764340236675
disjoint_refit,rich,pooled,history_skill,575,0.38492958723583326,0.29719507576013104,0.46408947298232933
disjoint_refit,rich,pooled,variability,575,0.24481871745447545,0.15444524600013743,0.3300535348876531
disjoint_refit,rich,pooled,entropy,575,0.3698681146566264,0.2908987990837509,0.443894711256082
disjoint_refit,rich,cohort_fixed_effect_residual,forecastability,575,0.32965129290132017,0.2474407728539566,0.40977267075091506
disjoint_refit,rich,residual_variability,forecastability,575,0.2395286468231868,0.15059229446832456,0.3141034636195832
disjoint_refit,rich,residual_entropy,forecastability,575,0.3493424596798834,0.27128738107126626,0.4266720215593901
disjoint_refit,rich,residual_variability_entropy,forecastability,575,0.18201072220669767,0.10404962044302841,0.25938225883154586
disjoint_refit,rich,residual_variability,history_skill,575,0.32116297700998975,0.23624180425162103,0.4122149460796711
disjoint_refit,rich,residual_entropy,history_skill,575,0.2916923476611808,0.20807742031391813,0.3737151036735493
disjoint_refit,rich,residual_variability_entropy,history_skill,575,0.28208275863391485,0.20551299020347483,0.36807088986954234
expanding_refit,core,pooled,forecastability,521,0.40715833964292447,0.30708937483766285,0.49554449469572426
expanding_refit,core,pooled,history_skill,521,0.47325960351728485,0.39431011976675506,0.5441303048330153
expanding_refit,core,pooled,variability,521,0.2822297887919388,0.1732189119294132,0.3800398693620209
expanding_refit,core,pooled,entropy,521,0.42315561324713247,0.3512929257597423,0.49360234092368316
expanding_refit,core,cohort_fixed_effect_residual,forecastability,521,0.41908903605835196,0.3221432965863257,0.5055026742519243
expanding_refit,core,residual_variability,forecastability,521,0.25994152869090714,0.05801391622945377,0.4508006194426765
expanding_refit,core,residual_entropy,forecastability,521,0.4243385600517637,0.32986707004106103,0.5136923557505496
expanding_refit,core,residual_variability_entropy,forecastability,521,0.2387928582396491,0.055806443584203766,0.4094623666085155
expanding_refit,core,residual_variability,history_skill,521,0.4378392409689227,0.3640424062738532,0.5105045548043314
expanding_refit,core,residual_entropy,history_skill,521,0.3403773624580555,0.26173481217314665,0.4267861950782633
expanding_refit,core,residual_variability_entropy,history_skill,521,0.3174893227036792,0.23702835755486068,0.41047574998800257
expanding_refit,rich,pooled,forecastability,592,0.4019303271910146,0.3270686401289683,0.4805720306116144
expanding_refit,rich,pooled,history_skill,592,0.46646250222775404,0.38620659744832586,0.5388416480148768
expanding_refit,rich,pooled,variability,592,0.27373611133023207,0.19618447355463808,0.34839523951175855
expanding_refit,rich,pooled,entropy,592,0.5057308487507052,0.4464608137332973,0.5651952628137898
expanding_refit,rich,cohort_fixed_effect_residual,forecastability,592,0.4132039940380822,0.33165596579161777,0.48699011280613647
expanding_refit,rich,residual_variability,forecastability,592,0.24938507525685283,0.1451369517261461,0.351354955690241
expanding_refit,rich,residual_entropy,forecastability,592,0.42233828244299665,0.3440335289268132,0.4996564097734295
expanding_refit,rich,residual_variability_entropy,forecastability,592,0.19598739700285203,0.10032537484807037,0.29064870202466947
expanding_refit,rich,residual_variability,history_skill,592,0.35795739248825303,0.2744838757153383,0.4433080479243641
expanding_refit,rich,residual_entropy,history_skill,592,0.2992611363702095,0.21805154968023413,0.38417584956001194
expanding_refit,rich,residual_variability_entropy,history_skill,592,0.2796987513784601,0.1917157041025245,0.3613797574097187
fixed_original,core,pooled,forecastability,521,0.41249854536268143,0.31942857681163367,0.5073610496603077
fixed_original,core,pooled,history_skill,521,0.4837177564638716,0.405099237616472,0.5559170759287138
fixed_original,core,pooled,variability,521,0.28735627922919194,0.1785782582976172,0.3830886889658727
fixed_original,core,pooled,entropy,521,0.411827415208927,0.3341865004121637,0.4799787297876539
fixed_original,core,cohort_fixed_effect_residual,forecastability,521,0.4237964924502441,0.3342952741445646,0.510615619004387
fixed_original,core,residual_variability,forecastability,521,0.25183948645215554,0.056515201731979,0.42714654544566405
fixed_original,core,residual_entropy,forecastability,521,0.4299980284015741,0.33878645853803585,0.5229461831494246
fixed_original,core,residual_variability_entropy,forecastability,521,0.22999774253581529,0.04919973506382645,0.40910774919017195
fixed_original,core,residual_variability,history_skill,521,0.4430231079822902,0.3669744328814613,0.518059790518069
fixed_original,core,residual_entropy,history_skill,521,0.36386518457202116,0.28080570759696183,0.448374835258715
fixed_original,core,residual_variability_entropy,history_skill,521,0.33600951860497263,0.2585746838997488,0.41767853814111716
fixed_original,rich,pooled,forecastability,592,0.4110333539786456,0.3300999540645623,0.4844415068377845
fixed_original,rich,pooled,history_skill,592,0.4607776294433337,0.37970851884792645,0.539639336626068
fixed_original,rich,pooled,variability,592,0.2750206326400877,0.2009266410901229,0.3461936911910326
fixed_original,rich,pooled,entropy,592,0.5012330427030626,0.43875275668018254,0.5583764063876412
fixed_original,rich,cohort_fixed_effect_residual,forecastability,592,0.4231546605600627,0.34870154109353035,0.49143877514113116
fixed_original,rich,residual_variability,forecastability,592,0.26110773632609774,0.15322600839987127,0.3573260768419635
fixed_original,rich,residual_entropy,forecastability,592,0.43464295714398027,0.3608303009238948,0.5037139878368455
fixed_original,rich,residual_variability_entropy,forecastability,592,0.2083260873741203,0.10507442778308804,0.2929760734009909
fixed_original,rich,residual_variability,history_skill,592,0.34059188261458173,0.24796373184776285,0.4353447349152447
fixed_original,rich,residual_entropy,history_skill,592,0.30382280593472444,0.21244395241706676,0.3907113638877641
fixed_original,rich,residual_variability_entropy,history_skill,592,0.2783213739364159,0.18326274170951065,0.36535217358149985
disjoint_refit,core,known_single_year_only,forecastability,215,0.3287137137609731,0.1699622921904227,0.478210537413242
disjoint_refit,rich,known_single_year_only,forecastability,262,0.28729798186566746,0.1494954898569358,0.39999420739019137
expanding_refit,core,known_single_year_only,forecastability,232,0.41319164234333583,0.24811622260271268,0.5525500652883469
expanding_refit,rich,known_single_year_only,forecastability,273,0.3770428836350983,0.26466439317655877,0.48814152029762714
fixed_original,core,known_single_year_only,forecastability,232,0.41730329594911203,0.26145860708715635,0.5620306386803848
fixed_original,rich,known_single_year_only,forecastability,273,0.3838940552888679,0.2705034341249176,0.49097507232898197
