regime,target_name,half,model,n_train_rows,n_features,coefficient_l2_norm
fixed_refit,active_duration,early,calendar,13100,3,0.13543878849391988
fixed_refit,active_duration,early,lag1_history,13100,4,0.33837984753079536
fixed_refit,active_duration,early,short_window_history,13100,5,0.41482466667720164
fixed_refit,active_duration,early,recent_history,13100,6,0.4126772071474872
fixed_refit,active_duration,early,long_horizon_fingerprint,13100,5,0.46449934525580655
fixed_refit,active_duration,early,combined_own_history,13100,8,0.3706822092136488
fixed_refit,active_duration,early,cross_domain_history,13100,29,0.6712632587090388
fixed_refit,active_duration,late,calendar,13100,3,0.13543878849391988
fixed_refit,active_duration,late,lag1_history,13100,4,0.33837984753079536
fixed_refit,active_duration,late,short_window_history,13100,5,0.41482466667720164
fixed_refit,active_duration,late,recent_history,13100,6,0.4126772071474872
fixed_refit,active_duration,late,long_horizon_fingerprint,13100,5,0.46449934525580655
fixed_refit,active_duration,late,combined_own_history,13100,8,0.3706822092136488
fixed_refit,active_duration,late,cross_domain_history,13100,29,0.6712632587090388
expanding_refit,active_duration,early,calendar,13100,3,0.13543878849391988
expanding_refit,active_duration,early,lag1_history,13100,4,0.33837984753079536
expanding_refit,active_duration,early,short_window_history,13100,5,0.41482466667720164
expanding_refit,active_duration,early,recent_history,13100,6,0.4126772071474872
expanding_refit,active_duration,early,long_horizon_fingerprint,13100,5,0.46449934525580655
expanding_refit,active_duration,early,combined_own_history,13100,8,0.3706822092136488
expanding_refit,active_duration,early,cross_domain_history,13100,29,0.6712632587090388
expanding_refit,active_duration,late,calendar,17003,3,0.11861312818439311
expanding_refit,active_duration,late,lag1_history,17003,4,0.3298103497147499
expanding_refit,active_duration,late,short_window_history,17003,5,0.40101243584890944
expanding_refit,active_duration,late,recent_history,17003,6,0.39747518306120755
expanding_refit,active_duration,late,long_horizon_fingerprint,17003,5,0.46140542918442917
expanding_refit,active_duration,late,combined_own_history,17003,8,0.3728881492820049
expanding_refit,active_duration,late,cross_domain_history,17003,29,0.9356535934511212
disjoint_refit,active_duration,early,calendar,6864,3,0.18521313585764868
disjoint_refit,active_duration,early,lag1_history,6864,4,0.36423637932986314
disjoint_refit,active_duration,early,short_window_history,6864,5,0.45609083276059376
disjoint_refit,active_duration,early,recent_history,6864,6,0.45286492198884254
disjoint_refit,active_duration,early,long_horizon_fingerprint,6864,5,0.4744570633186438
disjoint_refit,active_duration,early,combined_own_history,6864,8,0.3842100931816932
disjoint_refit,active_duration,early,cross_domain_history,6864,29,0.5784856125384501
disjoint_refit,active_duration,late,calendar,7153,3,0.11429353440997761
disjoint_refit,active_duration,late,lag1_history,7153,4,0.3079220217681914
disjoint_refit,active_duration,late,short_window_history,7153,5,0.37240617209599164
disjoint_refit,active_duration,late,recent_history,7153,6,0.3651571397914084
disjoint_refit,active_duration,late,long_horizon_fingerprint,7153,5,0.4544151603567461
disjoint_refit,active_duration,late,combined_own_history,7153,8,0.38278484018934156
disjoint_refit,active_duration,late,cross_domain_history,7153,29,1.0404918456717713
fixed_refit,screen_unlock_count,early,calendar,16217,3,0.022847011642551537
fixed_refit,screen_unlock_count,early,lag1_history,16217,4,0.4682742377532086
fixed_refit,screen_unlock_count,early,short_window_history,16217,5,0.5015525136513197
fixed_refit,screen_unlock_count,early,recent_history,16217,6,0.48591060281559845
fixed_refit,screen_unlock_count,early,long_horizon_fingerprint,16217,5,0.5535151945592491
fixed_refit,screen_unlock_count,early,combined_own_history,16217,8,0.4070756001762205
fixed_refit,screen_unlock_count,early,cross_domain_history,16217,29,0.5798346776212285
fixed_refit,screen_unlock_count,late,calendar,16217,3,0.022847011642551537
fixed_refit,screen_unlock_count,late,lag1_history,16217,4,0.4682742377532086
fixed_refit,screen_unlock_count,late,short_window_history,16217,5,0.5015525136513197
fixed_refit,screen_unlock_count,late,recent_history,16217,6,0.48591060281559845
fixed_refit,screen_unlock_count,late,long_horizon_fingerprint,16217,5,0.5535151945592491
fixed_refit,screen_unlock_count,late,combined_own_history,16217,8,0.4070756001762205
fixed_refit,screen_unlock_count,late,cross_domain_history,16217,29,0.5798346776212285
expanding_refit,screen_unlock_count,early,calendar,16217,3,0.022847011642551537
expanding_refit,screen_unlock_count,early,lag1_history,16217,4,0.4682742377532086
expanding_refit,screen_unlock_count,early,short_window_history,16217,5,0.5015525136513197
expanding_refit,screen_unlock_count,early,recent_history,16217,6,0.48591060281559845
expanding_refit,screen_unlock_count,early,long_horizon_fingerprint,16217,5,0.5535151945592491
expanding_refit,screen_unlock_count,early,combined_own_history,16217,8,0.4070756001762205
expanding_refit,screen_unlock_count,early,cross_domain_history,16217,29,0.5798346776212285
expanding_refit,screen_unlock_count,late,calendar,20988,3,0.030705601799253832
expanding_refit,screen_unlock_count,late,lag1_history,20988,4,0.4699374339502157
expanding_refit,screen_unlock_count,late,short_window_history,20988,5,0.5038178137330143
expanding_refit,screen_unlock_count,late,recent_history,20988,6,0.4920130265383089
expanding_refit,screen_unlock_count,late,long_horizon_fingerprint,20988,5,0.5424268578546103
expanding_refit,screen_unlock_count,late,combined_own_history,20988,8,0.4013489008407436
expanding_refit,screen_unlock_count,late,cross_domain_history,20988,29,0.6849424998374939
disjoint_refit,screen_unlock_count,early,calendar,8571,3,0.025727767038567356
disjoint_refit,screen_unlock_count,early,lag1_history,8571,4,0.4704682183978772
disjoint_refit,screen_unlock_count,early,short_window_history,8571,5,0.5364124975065697
disjoint_refit,screen_unlock_count,early,recent_history,8571,6,0.5140892431434751
disjoint_refit,screen_unlock_count,early,long_horizon_fingerprint,8571,5,0.5630942671116669
disjoint_refit,screen_unlock_count,early,combined_own_history,8571,8,0.44945282901904116
disjoint_refit,screen_unlock_count,early,cross_domain_history,8571,29,0.5954239414160242
disjoint_refit,screen_unlock_count,late,calendar,8778,3,0.04725922311097918
disjoint_refit,screen_unlock_count,late,lag1_history,8778,4,0.4714364092840474
disjoint_refit,screen_unlock_count,late,short_window_history,8778,5,0.5281350859437051
disjoint_refit,screen_unlock_count,late,recent_history,8778,6,0.5191079822067841
disjoint_refit,screen_unlock_count,late,long_horizon_fingerprint,8778,5,0.5174513610639844
disjoint_refit,screen_unlock_count,late,combined_own_history,8778,8,0.4068369526059979
disjoint_refit,screen_unlock_count,late,cross_domain_history,8778,29,0.6549769591931625
fixed_refit,screen_unlock_duration,early,calendar,16217,3,0.0451693463975186
fixed_refit,screen_unlock_duration,early,lag1_history,16217,4,0.33910382828775515
fixed_refit,screen_unlock_duration,early,short_window_history,16217,5,0.35577543207439916
fixed_refit,screen_unlock_duration,early,recent_history,16217,6,0.33549847694859347
fixed_refit,screen_unlock_duration,early,long_horizon_fingerprint,16217,5,0.44742933159322595
fixed_refit,screen_unlock_duration,early,combined_own_history,16217,8,0.2868249731694454
fixed_refit,screen_unlock_duration,early,cross_domain_history,16217,29,0.4503697705796468
fixed_refit,screen_unlock_duration,late,calendar,16217,3,0.0451693463975186
fixed_refit,screen_unlock_duration,late,lag1_history,16217,4,0.33910382828775515
fixed_refit,screen_unlock_duration,late,short_window_history,16217,5,0.35577543207439916
fixed_refit,screen_unlock_duration,late,recent_history,16217,6,0.33549847694859347
fixed_refit,screen_unlock_duration,late,long_horizon_fingerprint,16217,5,0.44742933159322595
fixed_refit,screen_unlock_duration,late,combined_own_history,16217,8,0.2868249731694454
fixed_refit,screen_unlock_duration,late,cross_domain_history,16217,29,0.4503697705796468
expanding_refit,screen_unlock_duration,early,calendar,16217,3,0.0451693463975186
expanding_refit,screen_unlock_duration,early,lag1_history,16217,4,0.33910382828775515
expanding_refit,screen_unlock_duration,early,short_window_history,16217,5,0.35577543207439916
expanding_refit,screen_unlock_duration,early,recent_history,16217,6,0.33549847694859347
expanding_refit,screen_unlock_duration,early,long_horizon_fingerprint,16217,5,0.44742933159322595
expanding_refit,screen_unlock_duration,early,combined_own_history,16217,8,0.2868249731694454
expanding_refit,screen_unlock_duration,early,cross_domain_history,16217,29,0.4503697705796468
expanding_refit,screen_unlock_duration,late,calendar,20988,3,0.04016980881231998
expanding_refit,screen_unlock_duration,late,lag1_history,20988,4,0.3361187702844303
expanding_refit,screen_unlock_duration,late,short_window_history,20988,5,0.35253679957791845
expanding_refit,screen_unlock_duration,late,recent_history,20988,6,0.33418423125681224
expanding_refit,screen_unlock_duration,late,long_horizon_fingerprint,20988,5,0.4453497112281748
expanding_refit,screen_unlock_duration,late,combined_own_history,20988,8,0.2825309344802575
expanding_refit,screen_unlock_duration,late,cross_domain_history,20988,29,0.6135139833571999
disjoint_refit,screen_unlock_duration,early,calendar,8571,3,0.05961749452075859
disjoint_refit,screen_unlock_duration,early,lag1_history,8571,4,0.3392671581572661
disjoint_refit,screen_unlock_duration,early,short_window_history,8571,5,0.3550922753161048
disjoint_refit,screen_unlock_duration,early,recent_history,8571,6,0.3310053110527291
disjoint_refit,screen_unlock_duration,early,long_horizon_fingerprint,8571,5,0.4346223483282572
disjoint_refit,screen_unlock_duration,early,combined_own_history,8571,8,0.277554851367526
disjoint_refit,screen_unlock_duration,early,cross_domain_history,8571,29,0.3187152638910209
disjoint_refit,screen_unlock_duration,late,calendar,8778,3,0.06421251978938801
disjoint_refit,screen_unlock_duration,late,lag1_history,8778,4,0.33509474109403065
disjoint_refit,screen_unlock_duration,late,short_window_history,8778,5,0.35114158504726134
disjoint_refit,screen_unlock_duration,late,recent_history,8778,6,0.33747513282702873
disjoint_refit,screen_unlock_duration,late,long_horizon_fingerprint,8778,5,0.4447470465220798
disjoint_refit,screen_unlock_duration,late,combined_own_history,8778,8,0.2805216044581539
disjoint_refit,screen_unlock_duration,late,cross_domain_history,8778,29,0.6902273361896684
fixed_refit,sedentary_duration,early,calendar,13101,3,0.0190959538119902
fixed_refit,sedentary_duration,early,lag1_history,13101,4,0.03919878126768717
fixed_refit,sedentary_duration,early,short_window_history,13101,5,0.04418700134764781
fixed_refit,sedentary_duration,early,recent_history,13101,6,0.04400062641961716
fixed_refit,sedentary_duration,early,long_horizon_fingerprint,13101,5,0.04953752393940182
fixed_refit,sedentary_duration,early,combined_own_history,13101,8,0.038393988243962195
fixed_refit,sedentary_duration,early,cross_domain_history,13101,29,0.05283028071815729
fixed_refit,sedentary_duration,late,calendar,13101,3,0.0190959538119902
fixed_refit,sedentary_duration,late,lag1_history,13101,4,0.03919878126768717
fixed_refit,sedentary_duration,late,short_window_history,13101,5,0.04418700134764781
fixed_refit,sedentary_duration,late,recent_history,13101,6,0.04400062641961716
fixed_refit,sedentary_duration,late,long_horizon_fingerprint,13101,5,0.04953752393940182
fixed_refit,sedentary_duration,late,combined_own_history,13101,8,0.038393988243962195
fixed_refit,sedentary_duration,late,cross_domain_history,13101,29,0.05283028071815729
expanding_refit,sedentary_duration,early,calendar,13101,3,0.0190959538119902
expanding_refit,sedentary_duration,early,lag1_history,13101,4,0.03919878126768717
expanding_refit,sedentary_duration,early,short_window_history,13101,5,0.04418700134764781
expanding_refit,sedentary_duration,early,recent_history,13101,6,0.04400062641961716
expanding_refit,sedentary_duration,early,long_horizon_fingerprint,13101,5,0.04953752393940182
expanding_refit,sedentary_duration,early,combined_own_history,13101,8,0.038393988243962195
expanding_refit,sedentary_duration,early,cross_domain_history,13101,29,0.05283028071815729
expanding_refit,sedentary_duration,late,calendar,17004,3,0.01715434195917502
expanding_refit,sedentary_duration,late,lag1_history,17004,4,0.03825302682250195
expanding_refit,sedentary_duration,late,short_window_history,17004,5,0.04302086637131399
expanding_refit,sedentary_duration,late,recent_history,17004,6,0.04259117614085809
expanding_refit,sedentary_duration,late,long_horizon_fingerprint,17004,5,0.048848513348637455
expanding_refit,sedentary_duration,late,combined_own_history,17004,8,0.03837854982953822
expanding_refit,sedentary_duration,late,cross_domain_history,17004,29,0.08322002286534706
disjoint_refit,sedentary_duration,early,calendar,6864,3,0.023721473833313404
disjoint_refit,sedentary_duration,early,lag1_history,6864,4,0.042291799861667166
disjoint_refit,sedentary_duration,early,short_window_history,6864,5,0.04771051475060093
disjoint_refit,sedentary_duration,early,recent_history,6864,6,0.04722367012754024
disjoint_refit,sedentary_duration,early,long_horizon_fingerprint,6864,5,0.05103053437073108
disjoint_refit,sedentary_duration,early,combined_own_history,6864,8,0.03934782394876092
disjoint_refit,sedentary_duration,early,cross_domain_history,6864,29,0.04735582637051993
disjoint_refit,sedentary_duration,late,calendar,7153,3,0.017763677398465152
disjoint_refit,sedentary_duration,late,lag1_history,7153,4,0.036076669579607715
disjoint_refit,sedentary_duration,late,short_window_history,7153,5,0.040155399690961116
disjoint_refit,sedentary_duration,late,recent_history,7153,6,0.039376385072322474
disjoint_refit,sedentary_duration,late,long_horizon_fingerprint,7153,5,0.0474413048284136
disjoint_refit,sedentary_duration,late,combined_own_history,7153,8,0.0393093070394514
disjoint_refit,sedentary_duration,late,cross_domain_history,7153,29,0.10117772030432945
fixed_refit,sleep_duration,early,calendar,11912,3,0.04515441586137966
fixed_refit,sleep_duration,early,lag1_history,11912,4,0.086348800829591
fixed_refit,sleep_duration,early,short_window_history,11912,5,0.1592443108101467
fixed_refit,sleep_duration,early,recent_history,11912,6,0.1609467096621328
fixed_refit,sleep_duration,early,long_horizon_fingerprint,11912,5,0.15765476795923578
fixed_refit,sleep_duration,early,combined_own_history,11912,8,0.13271585801842725
fixed_refit,sleep_duration,early,cross_domain_history,11912,29,1.978567472009974
fixed_refit,sleep_duration,late,calendar,11912,3,0.04515441586137966
fixed_refit,sleep_duration,late,lag1_history,11912,4,0.086348800829591
fixed_refit,sleep_duration,late,short_window_history,11912,5,0.1592443108101467
fixed_refit,sleep_duration,late,recent_history,11912,6,0.1609467096621328
fixed_refit,sleep_duration,late,long_horizon_fingerprint,11912,5,0.15765476795923578
fixed_refit,sleep_duration,late,combined_own_history,11912,8,0.13271585801842725
fixed_refit,sleep_duration,late,cross_domain_history,11912,29,1.978567472009974
expanding_refit,sleep_duration,early,calendar,11912,3,0.04515441586137966
expanding_refit,sleep_duration,early,lag1_history,11912,4,0.086348800829591
expanding_refit,sleep_duration,early,short_window_history,11912,5,0.1592443108101467
expanding_refit,sleep_duration,early,recent_history,11912,6,0.1609467096621328
expanding_refit,sleep_duration,early,long_horizon_fingerprint,11912,5,0.15765476795923578
expanding_refit,sleep_duration,early,combined_own_history,11912,8,0.13271585801842725
expanding_refit,sleep_duration,early,cross_domain_history,11912,29,1.978567472009974
expanding_refit,sleep_duration,late,calendar,15529,3,0.04481665953661582
expanding_refit,sleep_duration,late,lag1_history,15529,4,0.08607542404567572
expanding_refit,sleep_duration,late,short_window_history,15529,5,0.15470039870528804
expanding_refit,sleep_duration,late,recent_history,15529,6,0.15536920597108417
expanding_refit,sleep_duration,late,long_horizon_fingerprint,15529,5,0.1532779654389156
expanding_refit,sleep_duration,late,combined_own_history,15529,8,0.13036497220202903
expanding_refit,sleep_duration,late,cross_domain_history,15529,29,2.0279641708918823
disjoint_refit,sleep_duration,early,calendar,6280,3,0.0718163104646902
disjoint_refit,sleep_duration,early,lag1_history,6280,4,0.10126884244553976
disjoint_refit,sleep_duration,early,short_window_history,6280,5,0.16009675328601614
disjoint_refit,sleep_duration,early,recent_history,6280,6,0.16288799636416484
disjoint_refit,sleep_duration,early,long_horizon_fingerprint,6280,5,0.16213833106357883
disjoint_refit,sleep_duration,early,combined_own_history,6280,8,0.14105386318005458
disjoint_refit,sleep_duration,early,cross_domain_history,6280,29,2.0520683683895258
disjoint_refit,sleep_duration,late,calendar,6422,3,0.05151065051957319
disjoint_refit,sleep_duration,late,lag1_history,6422,4,0.09454986582038201
disjoint_refit,sleep_duration,late,short_window_history,6422,5,0.14185274143668242
disjoint_refit,sleep_duration,late,recent_history,6422,6,0.139476579007263
disjoint_refit,sleep_duration,late,long_horizon_fingerprint,6422,5,0.14834206635583397
disjoint_refit,sleep_duration,late,combined_own_history,6422,8,0.12501282405544553
disjoint_refit,sleep_duration,late,cross_domain_history,6422,29,1.7876216623835826
fixed_refit,sleep_efficiency,early,calendar,11762,3,0.0028119532472522975
fixed_refit,sleep_efficiency,early,lag1_history,11762,4,0.030966659232730186
fixed_refit,sleep_efficiency,early,short_window_history,11762,5,0.04440812682863991
fixed_refit,sleep_efficiency,early,recent_history,11762,6,0.042664310210241654
fixed_refit,sleep_efficiency,early,long_horizon_fingerprint,11762,5,0.04254426786673238
fixed_refit,sleep_efficiency,early,combined_own_history,11762,8,0.037391359307933004
fixed_refit,sleep_efficiency,early,cross_domain_history,11762,29,0.07481382080737632
fixed_refit,sleep_efficiency,late,calendar,11762,3,0.0028119532472522975
fixed_refit,sleep_efficiency,late,lag1_history,11762,4,0.030966659232730186
fixed_refit,sleep_efficiency,late,short_window_history,11762,5,0.04440812682863991
fixed_refit,sleep_efficiency,late,recent_history,11762,6,0.042664310210241654
fixed_refit,sleep_efficiency,late,long_horizon_fingerprint,11762,5,0.04254426786673238
fixed_refit,sleep_efficiency,late,combined_own_history,11762,8,0.037391359307933004
fixed_refit,sleep_efficiency,late,cross_domain_history,11762,29,0.07481382080737632
expanding_refit,sleep_efficiency,early,calendar,11762,3,0.0028119532472522975
expanding_refit,sleep_efficiency,early,lag1_history,11762,4,0.030966659232730186
expanding_refit,sleep_efficiency,early,short_window_history,11762,5,0.04440812682863991
expanding_refit,sleep_efficiency,early,recent_history,11762,6,0.042664310210241654
expanding_refit,sleep_efficiency,early,long_horizon_fingerprint,11762,5,0.04254426786673238
expanding_refit,sleep_efficiency,early,combined_own_history,11762,8,0.037391359307933004
expanding_refit,sleep_efficiency,early,cross_domain_history,11762,29,0.07481382080737632
expanding_refit,sleep_efficiency,late,calendar,15336,3,0.0027774382866723665
expanding_refit,sleep_efficiency,late,lag1_history,15336,4,0.031455610455287324
expanding_refit,sleep_efficiency,late,short_window_history,15336,5,0.04425674736252336
expanding_refit,sleep_efficiency,late,recent_history,15336,6,0.04286432256302536
expanding_refit,sleep_efficiency,late,long_horizon_fingerprint,15336,5,0.04201312768029597
expanding_refit,sleep_efficiency,late,combined_own_history,15336,8,0.03440303241327118
expanding_refit,sleep_efficiency,late,cross_domain_history,15336,29,0.08013112782713415
disjoint_refit,sleep_efficiency,early,calendar,6203,3,0.002063959259728255
disjoint_refit,sleep_efficiency,early,lag1_history,6203,4,0.028682207386959667
disjoint_refit,sleep_efficiency,early,short_window_history,6203,5,0.04076520107695835
disjoint_refit,sleep_efficiency,early,recent_history,6203,6,0.03988904634399004
disjoint_refit,sleep_efficiency,early,long_horizon_fingerprint,6203,5,0.04067869282270759
disjoint_refit,sleep_efficiency,early,combined_own_history,6203,8,0.037654691693976054
disjoint_refit,sleep_efficiency,early,cross_domain_history,6203,29,0.05561411538334773
disjoint_refit,sleep_efficiency,late,calendar,6336,3,0.005282227621041581
disjoint_refit,sleep_efficiency,late,lag1_history,6336,4,0.03380871873892912
disjoint_refit,sleep_efficiency,late,short_window_history,6336,5,0.044575218330753744
disjoint_refit,sleep_efficiency,late,recent_history,6336,6,0.04353899164091803
disjoint_refit,sleep_efficiency,late,long_horizon_fingerprint,6336,5,0.04254513948446501
disjoint_refit,sleep_efficiency,late,combined_own_history,6336,8,0.03207822996707166
disjoint_refit,sleep_efficiency,late,cross_domain_history,6336,29,0.10478440452187435
fixed_refit,sleep_in_bed,early,calendar,11912,3,0.04363383248582265
fixed_refit,sleep_in_bed,early,lag1_history,11912,4,0.07656461487291609
fixed_refit,sleep_in_bed,early,short_window_history,11912,5,0.14295394033231637
fixed_refit,sleep_in_bed,early,recent_history,11912,6,0.14467052119676796
fixed_refit,sleep_in_bed,early,long_horizon_fingerprint,11912,5,0.14649212571485573
fixed_refit,sleep_in_bed,early,combined_own_history,11912,8,0.12422898698901655
fixed_refit,sleep_in_bed,early,cross_domain_history,11912,29,2.013505865102641
fixed_refit,sleep_in_bed,late,calendar,11912,3,0.04363383248582265
fixed_refit,sleep_in_bed,late,lag1_history,11912,4,0.07656461487291609
fixed_refit,sleep_in_bed,late,short_window_history,11912,5,0.14295394033231637
fixed_refit,sleep_in_bed,late,recent_history,11912,6,0.14467052119676796
fixed_refit,sleep_in_bed,late,long_horizon_fingerprint,11912,5,0.14649212571485573
fixed_refit,sleep_in_bed,late,combined_own_history,11912,8,0.12422898698901655
fixed_refit,sleep_in_bed,late,cross_domain_history,11912,29,2.013505865102641
expanding_refit,sleep_in_bed,early,calendar,11912,3,0.04363383248582265
expanding_refit,sleep_in_bed,early,lag1_history,11912,4,0.07656461487291609
expanding_refit,sleep_in_bed,early,short_window_history,11912,5,0.14295394033231637
expanding_refit,sleep_in_bed,early,recent_history,11912,6,0.14467052119676796
expanding_refit,sleep_in_bed,early,long_horizon_fingerprint,11912,5,0.14649212571485573
expanding_refit,sleep_in_bed,early,combined_own_history,11912,8,0.12422898698901655
expanding_refit,sleep_in_bed,early,cross_domain_history,11912,29,2.013505865102641
expanding_refit,sleep_in_bed,late,calendar,15529,3,0.04310710027250566
expanding_refit,sleep_in_bed,late,lag1_history,15529,4,0.07648918798421744
expanding_refit,sleep_in_bed,late,short_window_history,15529,5,0.13881022809079627
expanding_refit,sleep_in_bed,late,recent_history,15529,6,0.13961985572475527
expanding_refit,sleep_in_bed,late,long_horizon_fingerprint,15529,5,0.14234365459334938
expanding_refit,sleep_in_bed,late,combined_own_history,15529,8,0.12177626596854095
expanding_refit,sleep_in_bed,late,cross_domain_history,15529,29,2.0405751272530956
disjoint_refit,sleep_in_bed,early,calendar,6280,3,0.07166062352308183
disjoint_refit,sleep_in_bed,early,lag1_history,6280,4,0.09393048318144981
disjoint_refit,sleep_in_bed,early,short_window_history,6280,5,0.14424771047038082
disjoint_refit,sleep_in_bed,early,recent_history,6280,6,0.14675850074026642
disjoint_refit,sleep_in_bed,early,long_horizon_fingerprint,6280,5,0.15085082516905896
disjoint_refit,sleep_in_bed,early,combined_own_history,6280,8,0.1309676868111569
disjoint_refit,sleep_in_bed,early,cross_domain_history,6280,29,2.083684440270727
disjoint_refit,sleep_in_bed,late,calendar,6422,3,0.04818734252818628
disjoint_refit,sleep_in_bed,late,lag1_history,6422,4,0.08513577901886808
disjoint_refit,sleep_in_bed,late,short_window_history,6422,5,0.12663003216154717
disjoint_refit,sleep_in_bed,late,recent_history,6422,6,0.1247256649336657
disjoint_refit,sleep_in_bed,late,long_horizon_fingerprint,6422,5,0.13822901766770831
disjoint_refit,sleep_in_bed,late,combined_own_history,6422,8,0.11818735050318346
disjoint_refit,sleep_in_bed,late,cross_domain_history,6422,29,1.6980471472323602
fixed_refit,steps_sum,early,calendar,13104,3,0.1515029940033396
fixed_refit,steps_sum,early,lag1_history,13104,4,0.45042074721824316
fixed_refit,steps_sum,early,short_window_history,13104,5,0.5547925062033774
fixed_refit,steps_sum,early,recent_history,13104,6,0.5474702588724945
fixed_refit,steps_sum,early,long_horizon_fingerprint,13104,5,0.6248135419742362
fixed_refit,steps_sum,early,combined_own_history,13104,8,0.5188363425269363
fixed_refit,steps_sum,early,cross_domain_history,13104,29,0.9039675601925558
fixed_refit,steps_sum,late,calendar,13104,3,0.1515029940033396
fixed_refit,steps_sum,late,lag1_history,13104,4,0.45042074721824316
fixed_refit,steps_sum,late,short_window_history,13104,5,0.5547925062033774
fixed_refit,steps_sum,late,recent_history,13104,6,0.5474702588724945
fixed_refit,steps_sum,late,long_horizon_fingerprint,13104,5,0.6248135419742362
fixed_refit,steps_sum,late,combined_own_history,13104,8,0.5188363425269363
fixed_refit,steps_sum,late,cross_domain_history,13104,29,0.9039675601925558
expanding_refit,steps_sum,early,calendar,13104,3,0.1515029940033396
expanding_refit,steps_sum,early,lag1_history,13104,4,0.45042074721824316
expanding_refit,steps_sum,early,short_window_history,13104,5,0.5547925062033774
expanding_refit,steps_sum,early,recent_history,13104,6,0.5474702588724945
expanding_refit,steps_sum,early,long_horizon_fingerprint,13104,5,0.6248135419742362
expanding_refit,steps_sum,early,combined_own_history,13104,8,0.5188363425269363
expanding_refit,steps_sum,early,cross_domain_history,13104,29,0.9039675601925558
expanding_refit,steps_sum,late,calendar,17007,3,0.13717157267483515
expanding_refit,steps_sum,late,lag1_history,17007,4,0.44401185458078285
expanding_refit,steps_sum,late,short_window_history,17007,5,0.5426180258929345
expanding_refit,steps_sum,late,recent_history,17007,6,0.5333847305348689
expanding_refit,steps_sum,late,long_horizon_fingerprint,17007,5,0.6173003526339262
expanding_refit,steps_sum,late,combined_own_history,17007,8,0.5189283729296853
expanding_refit,steps_sum,late,cross_domain_history,17007,29,1.8939815571934184
disjoint_refit,steps_sum,early,calendar,6864,3,0.22034393205631703
disjoint_refit,steps_sum,early,lag1_history,6864,4,0.4841741661866569
disjoint_refit,steps_sum,early,short_window_history,6864,5,0.6123949664608955
disjoint_refit,steps_sum,early,recent_history,6864,6,0.603519099474312
disjoint_refit,steps_sum,early,long_horizon_fingerprint,6864,5,0.6324443125589772
disjoint_refit,steps_sum,early,combined_own_history,6864,8,0.5010820268531848
disjoint_refit,steps_sum,early,cross_domain_history,6864,29,0.7681744684087504
disjoint_refit,steps_sum,late,calendar,7154,3,0.19533282287801518
disjoint_refit,steps_sum,late,lag1_history,7154,4,0.40903715629812776
disjoint_refit,steps_sum,late,short_window_history,7154,5,0.5004442301548325
disjoint_refit,steps_sum,late,recent_history,7154,6,0.4880103896900568
disjoint_refit,steps_sum,late,long_horizon_fingerprint,7154,5,0.6096477290264554
disjoint_refit,steps_sum,late,combined_own_history,7154,8,0.5496823428371473
disjoint_refit,steps_sum,late,cross_domain_history,7154,29,2.0078017335785283
