target,horizon,issue_time,model,n_train,n_test,n_train_users,n_test_users,positive_rate_test,auroc,macro_f1,balanced_accuracy,accuracy
screen_unlock_count,tomorrow,morning,calendar_only,16216,9187,695,695,0.4582562316316534,0.5410589423939194,0.520424482594257,0.5248831322420426,0.5365189942309786
screen_unlock_count,tomorrow,morning,recent_history_only,16216,9187,695,695,0.4582562316316534,0.868912412775728,0.7854623460302894,0.7848081937005236,0.7875258517470338
screen_unlock_count,tomorrow,morning,fingerprint_42d_only,16216,9187,695,695,0.4582562316316534,0.8665483552130775,0.7841516033749109,0.7839878166406324,0.7857842603679112
screen_unlock_count,tomorrow,morning,today_partial_only,16216,9187,695,695,0.4582562316316534,0.6932652195348007,0.6468940988023573,0.6473602323657948,0.6569064983128333
screen_unlock_count,tomorrow,morning,history_plus_fingerprint,16216,9187,695,695,0.4582562316316534,0.8736495718786228,0.7901879520914463,0.7900257097136137,0.7917709807336454
screen_unlock_count,tomorrow,morning,history_fingerprint_plus_today,16216,9187,695,695,0.4582562316316534,0.8742237093480366,0.7912497162092313,0.7911861069232007,0.7927506258844019
screen_unlock_count,tomorrow,afternoon,calendar_only,16216,9187,695,695,0.4582562316316534,0.5410589423939194,0.520424482594257,0.5248831322420426,0.5365189942309786
screen_unlock_count,tomorrow,afternoon,recent_history_only,16216,9187,695,695,0.4582562316316534,0.868912412775728,0.7854623460302894,0.7848081937005236,0.7875258517470338
screen_unlock_count,tomorrow,afternoon,fingerprint_42d_only,16216,9187,695,695,0.4582562316316534,0.8665483552130775,0.7841516033749109,0.7839878166406324,0.7857842603679112
screen_unlock_count,tomorrow,afternoon,today_partial_only,16216,9187,695,695,0.4582562316316534,0.8063869333375332,0.7390973553230731,0.7382206367819284,0.7422444758898443
screen_unlock_count,tomorrow,afternoon,history_plus_fingerprint,16216,9187,695,695,0.4582562316316534,0.8736495718786228,0.7901879520914463,0.7900257097136137,0.7917709807336454
screen_unlock_count,tomorrow,afternoon,history_fingerprint_plus_today,16216,9187,695,695,0.4582562316316534,0.8780730552942586,0.7966929126888231,0.7967310435604732,0.7980842494829651
screen_unlock_count,tomorrow,evening,calendar_only,16216,9187,695,695,0.4582562316316534,0.5410589423939194,0.520424482594257,0.5248831322420426,0.5365189942309786
screen_unlock_count,tomorrow,evening,recent_history_only,16216,9187,695,695,0.4582562316316534,0.868912412775728,0.7854623460302894,0.7848081937005236,0.7875258517470338
screen_unlock_count,tomorrow,evening,fingerprint_42d_only,16216,9187,695,695,0.4582562316316534,0.8665483552130775,0.7841516033749109,0.7839878166406324,0.7857842603679112
screen_unlock_count,tomorrow,evening,today_partial_only,16216,9187,695,695,0.4582562316316534,0.8470379660929588,0.7712130315679686,0.7708333870244932,0.7731577228692718
screen_unlock_count,tomorrow,evening,history_plus_fingerprint,16216,9187,695,695,0.4582562316316534,0.8736495718786228,0.7901879520914463,0.7900257097136137,0.7917709807336454
screen_unlock_count,tomorrow,evening,history_fingerprint_plus_today,16216,9187,695,695,0.4582562316316534,0.8840448485837702,0.8046291808924819,0.8049254122407254,0.805812561227822
screen_unlock_count,next_week,morning,calendar_only,15044,8576,695,695,0.45767257462686567,0.5130668426898126,0.36225047725723275,0.5013447145809339,0.542793843283582
screen_unlock_count,next_week,morning,recent_history_only,15044,8576,695,695,0.45767257462686567,0.9264664403381508,0.8515929025167029,0.8507054574935601,0.8530783582089553
screen_unlock_count,next_week,morning,fingerprint_42d_only,15044,8576,695,695,0.45767257462686567,0.9322969514124078,0.8584289735206008,0.8583083700923163,0.859491604477612
screen_unlock_count,next_week,morning,today_partial_only,15044,8576,695,695,0.45767257462686567,0.711374308928838,0.6615603718333357,0.6619068291594028,0.6721082089552238
screen_unlock_count,next_week,morning,history_plus_fingerprint,15044,8576,695,695,0.45767257462686567,0.936234738916499,0.8629629727081924,0.862719749331354,0.8640391791044776
screen_unlock_count,next_week,morning,history_fingerprint_plus_today,15044,8576,695,695,0.45767257462686567,0.9368378555669832,0.8616615085515563,0.8613980145356043,0.8627565298507462
screen_unlock_count,next_week,afternoon,calendar_only,15044,8576,695,695,0.45767257462686567,0.5130668426898126,0.36225047725723275,0.5013447145809339,0.542793843283582
screen_unlock_count,next_week,afternoon,recent_history_only,15044,8576,695,695,0.45767257462686567,0.9264664403381508,0.8515929025167029,0.8507054574935601,0.8530783582089553
screen_unlock_count,next_week,afternoon,fingerprint_42d_only,15044,8576,695,695,0.45767257462686567,0.9322969514124078,0.8584289735206008,0.8583083700923163,0.859491604477612
screen_unlock_count,next_week,afternoon,today_partial_only,15044,8576,695,695,0.45767257462686567,0.8299587377277949,0.7570303672316384,0.7558027792119222,0.7604944029850746
screen_unlock_count,next_week,afternoon,history_plus_fingerprint,15044,8576,695,695,0.45767257462686567,0.936234738916499,0.8629629727081924,0.862719749331354,0.8640391791044776
screen_unlock_count,next_week,afternoon,history_fingerprint_plus_today,15044,8576,695,695,0.45767257462686567,0.9379405565819006,0.8671121117567069,0.8669596155610669,0.8681203358208955
screen_unlock_count,next_week,evening,calendar_only,15044,8576,695,695,0.45767257462686567,0.5130668426898126,0.36225047725723275,0.5013447145809339,0.542793843283582
screen_unlock_count,next_week,evening,recent_history_only,15044,8576,695,695,0.45767257462686567,0.9264664403381508,0.8515929025167029,0.8507054574935601,0.8530783582089553
screen_unlock_count,next_week,evening,fingerprint_42d_only,15044,8576,695,695,0.45767257462686567,0.9322969514124078,0.8584289735206008,0.8583083700923163,0.859491604477612
screen_unlock_count,next_week,evening,today_partial_only,15044,8576,695,695,0.45767257462686567,0.8688760858222396,0.792611239995472,0.7913783899633939,0.7952425373134329
screen_unlock_count,next_week,evening,history_plus_fingerprint,15044,8576,695,695,0.45767257462686567,0.936234738916499,0.8629629727081924,0.862719749331354,0.8640391791044776
screen_unlock_count,next_week,evening,history_fingerprint_plus_today,15044,8576,695,695,0.45767257462686567,0.9395444305518845,0.8698696670943993,0.8698696670943993,0.8708022388059702
screen_unlock_duration,tomorrow,morning,calendar_only,16216,9187,695,695,0.4692500272123653,0.5008293120085616,0.3282923995325922,0.49979196435316564,0.46968542505714594
screen_unlock_duration,tomorrow,morning,recent_history_only,16216,9187,695,695,0.4692500272123653,0.8259451897191856,0.7477443785755837,0.7472860933997754,0.7493196908675303
screen_unlock_duration,tomorrow,morning,fingerprint_42d_only,16216,9187,695,695,0.4692500272123653,0.8187038080466078,0.7405420070050549,0.7401150718281961,0.7421356264286492
screen_unlock_duration,tomorrow,morning,today_partial_only,16216,9187,695,695,0.4692500272123653,0.6133278586609716,0.583498024740752,0.5842440423214819,0.5838685098508762
screen_unlock_duration,tomorrow,morning,history_plus_fingerprint,16216,9187,695,695,0.4692500272123653,0.8285791978815282,0.7510515986902635,0.7506630214520764,0.7524763252421901
screen_unlock_duration,tomorrow,morning,history_fingerprint_plus_today,16216,9187,695,695,0.4692500272123653,0.8286943239426623,0.7519356125638579,0.7515505625097405,0.7533471209317514
screen_unlock_duration,tomorrow,afternoon,calendar_only,16216,9187,695,695,0.4692500272123653,0.5008293120085616,0.3282923995325922,0.49979196435316564,0.46968542505714594
screen_unlock_duration,tomorrow,afternoon,recent_history_only,16216,9187,695,695,0.4692500272123653,0.8259451897191856,0.7477443785755837,0.7472860933997754,0.7493196908675303
screen_unlock_duration,tomorrow,afternoon,fingerprint_42d_only,16216,9187,695,695,0.4692500272123653,0.8187038080466078,0.7405420070050549,0.7401150718281961,0.7421356264286492
screen_unlock_duration,tomorrow,afternoon,today_partial_only,16216,9187,695,695,0.4692500272123653,0.7068587207230146,0.6613729646809602,0.661119874012128,0.6635463154457385
screen_unlock_duration,tomorrow,afternoon,history_plus_fingerprint,16216,9187,695,695,0.4692500272123653,0.8285791978815282,0.7510515986902635,0.7506630214520764,0.7524763252421901
screen_unlock_duration,tomorrow,afternoon,history_fingerprint_plus_today,16216,9187,695,695,0.4692500272123653,0.8295007772436309,0.7505383549919777,0.7501050168512204,0.7520409273974094
screen_unlock_duration,tomorrow,evening,calendar_only,16216,9187,695,695,0.4692500272123653,0.5008293120085616,0.3282923995325922,0.49979196435316564,0.46968542505714594
screen_unlock_duration,tomorrow,evening,recent_history_only,16216,9187,695,695,0.4692500272123653,0.8259451897191856,0.7477443785755837,0.7472860933997754,0.7493196908675303
screen_unlock_duration,tomorrow,evening,fingerprint_42d_only,16216,9187,695,695,0.4692500272123653,0.8187038080466078,0.7405420070050549,0.7401150718281961,0.7421356264286492
screen_unlock_duration,tomorrow,evening,today_partial_only,16216,9187,695,695,0.4692500272123653,0.7545204818777308,0.7006547702294446,0.7005430096692571,0.7019701752476325
screen_unlock_duration,tomorrow,evening,history_plus_fingerprint,16216,9187,695,695,0.4692500272123653,0.8285791978815282,0.7510515986902635,0.7506630214520764,0.7524763252421901
screen_unlock_duration,tomorrow,evening,history_fingerprint_plus_today,16216,9187,695,695,0.4692500272123653,0.8327290166578847,0.7523134625534209,0.75203787400033,0.7535648198541417
screen_unlock_duration,next_week,morning,calendar_only,15044,8576,695,695,0.4728311567164179,0.5104302950118246,0.3229800467841511,0.5003788321986096,0.47329757462686567
screen_unlock_duration,next_week,morning,recent_history_only,15044,8576,695,695,0.4728311567164179,0.9099206306996996,0.823730556795244,0.8234923419439246,0.824393656716418
screen_unlock_duration,next_week,morning,fingerprint_42d_only,15044,8576,695,695,0.4728311567164179,0.9100132523085172,0.8207915110205217,0.8205368234988331,0.8214785447761194
screen_unlock_duration,next_week,morning,today_partial_only,15044,8576,695,695,0.4728311567164179,0.6541159204708755,0.6129808931391938,0.6150655483343793,0.6129897388059702
screen_unlock_duration,next_week,morning,history_plus_fingerprint,15044,8576,695,695,0.4728311567164179,0.916570567656458,0.8303697419080642,0.8302703018193491,0.8309235074626866
screen_unlock_duration,next_week,morning,history_fingerprint_plus_today,15044,8576,695,695,0.4728311567164179,0.9172379014387169,0.8316588402829106,0.8315631041984917,0.832206156716418
screen_unlock_duration,next_week,afternoon,calendar_only,15044,8576,695,695,0.4728311567164179,0.5104302950118246,0.3229800467841511,0.5003788321986096,0.47329757462686567
screen_unlock_duration,next_week,afternoon,recent_history_only,15044,8576,695,695,0.4728311567164179,0.9099206306996996,0.823730556795244,0.8234923419439246,0.824393656716418
screen_unlock_duration,next_week,afternoon,fingerprint_42d_only,15044,8576,695,695,0.4728311567164179,0.9100132523085172,0.8207915110205217,0.8205368234988331,0.8214785447761194
screen_unlock_duration,next_week,afternoon,today_partial_only,15044,8576,695,695,0.4728311567164179,0.7532067504679492,0.6957099937890201,0.6958021355881077,0.6964785447761194
screen_unlock_duration,next_week,afternoon,history_plus_fingerprint,15044,8576,695,695,0.4728311567164179,0.916570567656458,0.8303697419080642,0.8302703018193491,0.8309235074626866
screen_unlock_duration,next_week,afternoon,history_fingerprint_plus_today,15044,8576,695,695,0.4728311567164179,0.9177997404085771,0.8321620190985912,0.832132579814544,0.8326725746268657
screen_unlock_duration,next_week,evening,calendar_only,15044,8576,695,695,0.4728311567164179,0.5104302950118246,0.3229800467841511,0.5003788321986096,0.47329757462686567
screen_unlock_duration,next_week,evening,recent_history_only,15044,8576,695,695,0.4728311567164179,0.9099206306996996,0.823730556795244,0.8234923419439246,0.824393656716418
screen_unlock_duration,next_week,evening,fingerprint_42d_only,15044,8576,695,695,0.4728311567164179,0.9100132523085172,0.8207915110205217,0.8205368234988331,0.8214785447761194
screen_unlock_duration,next_week,evening,today_partial_only,15044,8576,695,695,0.4728311567164179,0.7983940951269741,0.7339368996595679,0.7343382614247635,0.734375
screen_unlock_duration,next_week,evening,history_plus_fingerprint,15044,8576,695,695,0.4728311567164179,0.916570567656458,0.8303697419080642,0.8302703018193491,0.8309235074626866
screen_unlock_duration,next_week,evening,history_fingerprint_plus_today,15044,8576,695,695,0.4728311567164179,0.9187217563413483,0.8323109167453298,0.8323448513049528,0.8327891791044776
steps_sum,tomorrow,morning,calendar_only,13095,7481,639,639,0.49552198903889855,0.6405423417991057,0.3445895820087479,0.5018085136343122,0.5062157465579468
steps_sum,tomorrow,morning,recent_history_only,13095,7481,639,639,0.49552198903889855,0.8188237667204328,0.7393045050962719,0.7394336528565888,0.739740676380163
steps_sum,tomorrow,morning,fingerprint_42d_only,13095,7481,639,639,0.49552198903889855,0.8237491367182412,0.7459250529627626,0.7459462032685981,0.7461569308915921
steps_sum,tomorrow,morning,today_partial_only,13095,7481,639,639,0.49552198903889855,0.7051731073811716,0.6087819682378524,0.6296149566790168,0.6317337254377757
steps_sum,tomorrow,morning,history_plus_fingerprint,13095,7481,639,639,0.49552198903889855,0.825597142231808,0.7465709395335207,0.7466014468109075,0.7468252907365326
steps_sum,tomorrow,morning,history_fingerprint_plus_today,13095,7481,639,639,0.49552198903889855,0.8265426600214523,0.7475181732170947,0.747543211978541,0.7477609945194492
steps_sum,tomorrow,afternoon,calendar_only,13095,7481,639,639,0.49552198903889855,0.6405423417991057,0.3445895820087479,0.5018085136343122,0.5062157465579468
steps_sum,tomorrow,afternoon,recent_history_only,13095,7481,639,639,0.49552198903889855,0.8188237667204328,0.7393045050962719,0.7394336528565888,0.739740676380163
steps_sum,tomorrow,afternoon,fingerprint_42d_only,13095,7481,639,639,0.49552198903889855,0.8237491367182412,0.7459250529627626,0.7459462032685981,0.7461569308915921
steps_sum,tomorrow,afternoon,today_partial_only,13095,7481,639,639,0.49552198903889855,0.7383532193708489,0.6621889620795544,0.6676862719365774,0.6688945328164684
steps_sum,tomorrow,afternoon,history_plus_fingerprint,13095,7481,639,639,0.49552198903889855,0.825597142231808,0.7465709395335207,0.7466014468109075,0.7468252907365326
steps_sum,tomorrow,afternoon,history_fingerprint_plus_today,13095,7481,639,639,0.49552198903889855,0.8274041190780586,0.7502262078494129,0.7502360220548386,0.7504344338992114
steps_sum,tomorrow,evening,calendar_only,13095,7481,639,639,0.49552198903889855,0.6405423417991057,0.3445895820087479,0.5018085136343122,0.5062157465579468
steps_sum,tomorrow,evening,recent_history_only,13095,7481,639,639,0.49552198903889855,0.8188237667204328,0.7393045050962719,0.7394336528565888,0.739740676380163
steps_sum,tomorrow,evening,fingerprint_42d_only,13095,7481,639,639,0.49552198903889855,0.8237491367182412,0.7459250529627626,0.7459462032685981,0.7461569308915921
steps_sum,tomorrow,evening,today_partial_only,13095,7481,639,639,0.49552198903889855,0.764738976905149,0.6912428970243091,0.6939176358795839,0.6948268948001604
steps_sum,tomorrow,evening,history_plus_fingerprint,13095,7481,639,639,0.49552198903889855,0.825597142231808,0.7465709395335207,0.7466014468109075,0.7468252907365326
steps_sum,tomorrow,evening,history_fingerprint_plus_today,13095,7481,639,639,0.49552198903889855,0.8287888008607155,0.7499388751908389,0.7499566840202204,0.7501670899612352
steps_sum,next_week,morning,calendar_only,12085,6941,636,636,0.4860971041636652,0.687695065532713,0.3506190270178223,0.5025554924621053,0.516208039187437
steps_sum,next_week,morning,recent_history_only,12085,6941,636,636,0.4860971041636652,0.9155483920393238,0.8375612801884205,0.837260983702779,0.8379196081256303
steps_sum,next_week,morning,fingerprint_42d_only,12085,6941,636,636,0.4860971041636652,0.9223727879001499,0.8465072468828511,0.8463568268636512,0.8467079671517073
steps_sum,next_week,morning,today_partial_only,12085,6941,636,636,0.4860971041636652,0.7351514217879133,0.618349558523885,0.6396479352239101,0.646736781443596
steps_sum,next_week,morning,history_plus_fingerprint,12085,6941,636,636,0.4860971041636652,0.924002028074979,0.851700610710123,0.8515474125675173,0.851894539691687
steps_sum,next_week,morning,history_fingerprint_plus_today,12085,6941,636,636,0.4860971041636652,0.9242070125461797,0.8524109818983496,0.8522402634037991,0.8526148969889065
steps_sum,next_week,afternoon,calendar_only,12085,6941,636,636,0.4860971041636652,0.687695065532713,0.3506190270178223,0.5025554924621053,0.516208039187437
steps_sum,next_week,afternoon,recent_history_only,12085,6941,636,636,0.4860971041636652,0.9155483920393238,0.8375612801884205,0.837260983702779,0.8379196081256303
steps_sum,next_week,afternoon,fingerprint_42d_only,12085,6941,636,636,0.4860971041636652,0.9223727879001499,0.8465072468828511,0.8463568268636512,0.8467079671517073
steps_sum,next_week,afternoon,today_partial_only,12085,6941,636,636,0.4860971041636652,0.7805038829060899,0.6827787720635181,0.6892973012676799,0.69399222014119
steps_sum,next_week,afternoon,history_plus_fingerprint,12085,6941,636,636,0.4860971041636652,0.924002028074979,0.851700610710123,0.8515474125675173,0.851894539691687
steps_sum,next_week,afternoon,history_fingerprint_plus_today,12085,6941,636,636,0.4860971041636652,0.9245549959127742,0.851706750237216,0.8515634490502664,0.851894539691687
steps_sum,next_week,evening,calendar_only,12085,6941,636,636,0.4860971041636652,0.687695065532713,0.3506190270178223,0.5025554924621053,0.516208039187437
steps_sum,next_week,evening,recent_history_only,12085,6941,636,636,0.4860971041636652,0.9155483920393238,0.8375612801884205,0.837260983702779,0.8379196081256303
steps_sum,next_week,evening,fingerprint_42d_only,12085,6941,636,636,0.4860971041636652,0.9223727879001499,0.8465072468828511,0.8463568268636512,0.8467079671517073
steps_sum,next_week,evening,today_partial_only,12085,6941,636,636,0.4860971041636652,0.8108233047152744,0.7165917828030748,0.7198328832316387,0.7236709407866302
steps_sum,next_week,evening,history_plus_fingerprint,12085,6941,636,636,0.4860971041636652,0.924002028074979,0.851700610710123,0.8515474125675173,0.851894539691687
steps_sum,next_week,evening,history_fingerprint_plus_today,12085,6941,636,636,0.4860971041636652,0.9251228369651396,0.8519982851961251,0.8518598331640779,0.8521826826105748
active_duration,tomorrow,morning,calendar_only,13091,7481,639,639,0.506483090495923,0.5709423369295905,0.3981989904990294,0.508367045564697,0.5028739473332442
active_duration,tomorrow,morning,recent_history_only,13091,7481,639,639,0.506483090495923,0.796744231963027,0.7228813510711565,0.7231201070441979,0.722898008287662
active_duration,tomorrow,morning,fingerprint_42d_only,13091,7481,639,639,0.506483090495923,0.8026978792175675,0.7269037755943009,0.7269783918607979,0.7269081673573051
active_duration,tomorrow,morning,today_partial_only,13091,7481,639,639,0.506483090495923,0.6620881367544242,0.5947548488339187,0.612413778609289,0.6098115225237267
active_duration,tomorrow,morning,history_plus_fingerprint,13091,7481,639,639,0.506483090495923,0.8051553121641108,0.7294353602288379,0.7294821826997064,0.7294479347680791
active_duration,tomorrow,morning,history_fingerprint_plus_today,13091,7481,639,639,0.506483090495923,0.8057835920654159,0.7294249168164744,0.7294509795847991,0.7294479347680791
active_duration,tomorrow,afternoon,calendar_only,13091,7481,639,639,0.506483090495923,0.5709423369295905,0.3981989904990294,0.508367045564697,0.5028739473332442
active_duration,tomorrow,afternoon,recent_history_only,13091,7481,639,639,0.506483090495923,0.796744231963027,0.7228813510711565,0.7231201070441979,0.722898008287662
active_duration,tomorrow,afternoon,fingerprint_42d_only,13091,7481,639,639,0.506483090495923,0.8026978792175675,0.7269037755943009,0.7269783918607979,0.7269081673573051
active_duration,tomorrow,afternoon,today_partial_only,13091,7481,639,639,0.506483090495923,0.7186269657247544,0.6568940360861256,0.661431298675787,0.6600721828632535
active_duration,tomorrow,afternoon,history_plus_fingerprint,13091,7481,639,639,0.506483090495923,0.8051553121641108,0.7294353602288379,0.7294821826997064,0.7294479347680791
active_duration,tomorrow,afternoon,history_fingerprint_plus_today,13091,7481,639,639,0.506483090495923,0.8080578094712784,0.7312908751468385,0.731308833776968,0.7313193423339126
active_duration,tomorrow,evening,calendar_only,13091,7481,639,639,0.506483090495923,0.5709423369295905,0.3981989904990294,0.508367045564697,0.5028739473332442
active_duration,tomorrow,evening,recent_history_only,13091,7481,639,639,0.506483090495923,0.796744231963027,0.7228813510711565,0.7231201070441979,0.722898008287662
active_duration,tomorrow,evening,fingerprint_42d_only,13091,7481,639,639,0.506483090495923,0.8026978792175675,0.7269037755943009,0.7269783918607979,0.7269081673573051
active_duration,tomorrow,evening,today_partial_only,13091,7481,639,639,0.506483090495923,0.7526378248376508,0.6830320127046009,0.6855420134751706,0.6845341531880764
active_duration,tomorrow,evening,history_plus_fingerprint,13091,7481,639,639,0.506483090495923,0.8051553121641108,0.7294353602288379,0.7294821826997064,0.7294479347680791
active_duration,tomorrow,evening,history_fingerprint_plus_today,13091,7481,639,639,0.506483090495923,0.8112703363531372,0.7356939449369333,0.7357016819229525,0.73573051731052
active_duration,next_week,morning,calendar_only,12082,6941,636,636,0.5074196801613601,0.6008361929751218,0.3381568576431239,0.5004481088163666,0.4931566056764155
active_duration,next_week,morning,recent_history_only,12082,6941,636,636,0.5074196801613601,0.8927056753861867,0.8132438451994798,0.813246540070113,0.8132833885607261
active_duration,next_week,morning,fingerprint_42d_only,12082,6941,636,636,0.5074196801613601,0.8974765062593226,0.8150811423688434,0.8149688856689719,0.8153003889929406
active_duration,next_week,morning,today_partial_only,12082,6941,636,636,0.5074196801613601,0.6910304659185675,0.6105807401201099,0.6308141828267362,0.6275752773375595
active_duration,next_week,morning,history_plus_fingerprint,12082,6941,636,636,0.5074196801613601,0.9009182908950367,0.8206902667693935,0.8205696645611531,0.820919175911252
active_duration,next_week,morning,history_fingerprint_plus_today,12082,6941,636,636,0.5074196801613601,0.9011242415741675,0.8208020428352846,0.8206774149668676,0.8210632473706959
active_duration,next_week,afternoon,calendar_only,12082,6941,636,636,0.5074196801613601,0.6008361929751218,0.3381568576431239,0.5004481088163666,0.4931566056764155
active_duration,next_week,afternoon,recent_history_only,12082,6941,636,636,0.5074196801613601,0.8927056753861867,0.8132438451994798,0.813246540070113,0.8132833885607261
active_duration,next_week,afternoon,fingerprint_42d_only,12082,6941,636,636,0.5074196801613601,0.8974765062593226,0.8150811423688434,0.8149688856689719,0.8153003889929406
active_duration,next_week,afternoon,today_partial_only,12082,6941,636,636,0.5074196801613601,0.7551317013070726,0.676009331946828,0.6818179100357606,0.6800172885751332
active_duration,next_week,afternoon,history_plus_fingerprint,12082,6941,636,636,0.5074196801613601,0.9009182908950367,0.8206902667693935,0.8205696645611531,0.820919175911252
active_duration,next_week,afternoon,history_fingerprint_plus_today,12082,6941,636,636,0.5074196801613601,0.9017991452714638,0.8223506229361294,0.8222219204934047,0.8226480334245786
active_duration,next_week,evening,calendar_only,12082,6941,636,636,0.5074196801613601,0.6008361929751218,0.3381568576431239,0.5004481088163666,0.4931566056764155
active_duration,next_week,evening,recent_history_only,12082,6941,636,636,0.5074196801613601,0.8927056753861867,0.8132438451994798,0.813246540070113,0.8132833885607261
active_duration,next_week,evening,fingerprint_42d_only,12082,6941,636,636,0.5074196801613601,0.8974765062593226,0.8150811423688434,0.8149688856689719,0.8153003889929406
active_duration,next_week,evening,today_partial_only,12082,6941,636,636,0.5074196801613601,0.7895680250940936,0.7092857261091512,0.7126670380422462,0.7112807952744561
active_duration,next_week,evening,history_plus_fingerprint,12082,6941,636,636,0.5074196801613601,0.9009182908950367,0.8206902667693935,0.8205696645611531,0.820919175911252
active_duration,next_week,evening,history_fingerprint_plus_today,12082,6941,636,636,0.5074196801613601,0.9025007062945669,0.8229682160590017,0.8228411012448555,0.8232243192623542
sedentary_duration,tomorrow,morning,calendar_only,13092,7481,639,639,0.4897740943724101,0.5688356030193582,0.3962631788623515,0.5080640017709787,0.4993984761395535
sedentary_duration,tomorrow,morning,recent_history_only,13092,7481,639,639,0.4897740943724101,0.7973087889389345,0.7235662446482944,0.7238554707565442,0.7235663681326026
sedentary_duration,tomorrow,morning,fingerprint_42d_only,13092,7481,639,639,0.4897740943724101,0.8032074390253668,0.7293966381979496,0.7294714707130705,0.7294479347680791
sedentary_duration,tomorrow,morning,today_partial_only,13092,7481,639,639,0.4897740943724101,0.6623213648318886,0.6062583533436237,0.6208267813035913,0.6171634808180725
sedentary_duration,tomorrow,morning,history_plus_fingerprint,13092,7481,639,639,0.4897740943724101,0.8056963761293134,0.7304579697546372,0.7305194141241265,0.7305173105199839
sedentary_duration,tomorrow,morning,history_fingerprint_plus_today,13092,7481,639,639,0.4897740943724101,0.8063905242348355,0.7307118583529734,0.7307540501983198,0.7307846544579601
sedentary_duration,tomorrow,afternoon,calendar_only,13092,7481,639,639,0.4897740943724101,0.5688356030193582,0.3962631788623515,0.5080640017709787,0.4993984761395535
sedentary_duration,tomorrow,afternoon,recent_history_only,13092,7481,639,639,0.4897740943724101,0.7973087889389345,0.7235662446482944,0.7238554707565442,0.7235663681326026
sedentary_duration,tomorrow,afternoon,fingerprint_42d_only,13092,7481,639,639,0.4897740943724101,0.8032074390253668,0.7293966381979496,0.7294714707130705,0.7294479347680791
sedentary_duration,tomorrow,afternoon,today_partial_only,13092,7481,639,639,0.4897740943724101,0.7146178238471191,0.6580660918595871,0.6622841834335707,0.6603395268012298
sedentary_duration,tomorrow,afternoon,history_plus_fingerprint,13092,7481,639,639,0.4897740943724101,0.8056963761293134,0.7304579697546372,0.7305194141241265,0.7305173105199839
sedentary_duration,tomorrow,afternoon,history_fingerprint_plus_today,13092,7481,639,639,0.4897740943724101,0.8087334528476946,0.7337658701255311,0.7337832973722476,0.7338591097446865
sedentary_duration,tomorrow,evening,calendar_only,13092,7481,639,639,0.4897740943724101,0.5688356030193582,0.3962631788623515,0.5080640017709787,0.4993984761395535
sedentary_duration,tomorrow,evening,recent_history_only,13092,7481,639,639,0.4897740943724101,0.7973087889389345,0.7235662446482944,0.7238554707565442,0.7235663681326026
sedentary_duration,tomorrow,evening,fingerprint_42d_only,13092,7481,639,639,0.4897740943724101,0.8032074390253668,0.7293966381979496,0.7294714707130705,0.7294479347680791
sedentary_duration,tomorrow,evening,today_partial_only,13092,7481,639,639,0.4897740943724101,0.7493457146436362,0.6898761241407187,0.6922326199843724,0.6908167357305173
sedentary_duration,tomorrow,evening,history_plus_fingerprint,13092,7481,639,639,0.4897740943724101,0.8056963761293134,0.7304579697546372,0.7305194141241265,0.7305173105199839
sedentary_duration,tomorrow,evening,history_fingerprint_plus_today,13092,7481,639,639,0.4897740943724101,0.8120689817902672,0.7355132488801321,0.7355409049723542,0.7355968453415319
sedentary_duration,next_week,morning,calendar_only,12082,6941,636,636,0.4921481054603083,0.5992396648230272,0.33795395308839327,0.5004406464364609,0.4927243912980839
sedentary_duration,next_week,morning,recent_history_only,12082,6941,636,636,0.4921481054603083,0.8918536050625342,0.8122168744347402,0.8121991628880363,0.8122748883446189
sedentary_duration,next_week,morning,fingerprint_42d_only,12082,6941,636,636,0.4921481054603083,0.8966743069742721,0.8157662012553201,0.8156381733021076,0.81602074629016
sedentary_duration,next_week,morning,today_partial_only,12082,6941,636,636,0.4921481054603083,0.6887336190144003,0.6182455170371378,0.6356621738336073,0.6324737069586515
sedentary_duration,next_week,morning,history_plus_fingerprint,12082,6941,636,636,0.4921481054603083,0.9001603634128921,0.819932369620942,0.8197969089972927,0.8201988186140325
sedentary_duration,next_week,morning,history_fingerprint_plus_today,12082,6941,636,636,0.4921481054603083,0.9003845898317473,0.8203216926695853,0.8201817064460943,0.8206310329923642
sedentary_duration,next_week,afternoon,calendar_only,12082,6941,636,636,0.4921481054603083,0.5992396648230272,0.33795395308839327,0.5004406464364609,0.4927243912980839
sedentary_duration,next_week,afternoon,recent_history_only,12082,6941,636,636,0.4921481054603083,0.8918536050625342,0.8122168744347402,0.8121991628880363,0.8122748883446189
sedentary_duration,next_week,afternoon,fingerprint_42d_only,12082,6941,636,636,0.4921481054603083,0.8966743069742721,0.8157662012553201,0.8156381733021076,0.81602074629016
sedentary_duration,next_week,afternoon,today_partial_only,12082,6941,636,636,0.4921481054603083,0.7454964539007092,0.6780269152462576,0.6836025296061919,0.6817461460884598
sedentary_duration,next_week,afternoon,history_plus_fingerprint,12082,6941,636,636,0.4921481054603083,0.9001603634128921,0.819932369620942,0.8197969089972927,0.8201988186140325
sedentary_duration,next_week,afternoon,history_fingerprint_plus_today,12082,6941,636,636,0.4921481054603083,0.9010221402826915,0.82087714744159,0.8207355041772552,0.8212073188301398
sedentary_duration,next_week,evening,calendar_only,12082,6941,636,636,0.4921481054603083,0.5992396648230272,0.33795395308839327,0.5004406464364609,0.4927243912980839
sedentary_duration,next_week,evening,recent_history_only,12082,6941,636,636,0.4921481054603083,0.8918536050625342,0.8122168744347402,0.8121991628880363,0.8122748883446189
sedentary_duration,next_week,evening,fingerprint_42d_only,12082,6941,636,636,0.4921481054603083,0.8966743069742721,0.8157662012553201,0.8156381733021076,0.81602074629016
sedentary_duration,next_week,evening,today_partial_only,12082,6941,636,636,0.4921481054603083,0.7810760791934492,0.7085673895912693,0.7120346886574651,0.7105604379772367
sedentary_duration,next_week,evening,history_plus_fingerprint,12082,6941,636,636,0.4921481054603083,0.9001603634128921,0.819932369620942,0.8197969089972927,0.8201988186140325
sedentary_duration,next_week,evening,history_fingerprint_plus_today,12082,6941,636,636,0.4921481054603083,0.90174348497683,0.820204733888023,0.8200670187851911,0.8204869615329203
sleep_duration,tomorrow,morning,calendar_only,11895,6871,620,620,0.4951244360355116,0.5449827810578587,0.44914925238349596,0.5175899531061121,0.5141900742250036
sleep_duration,tomorrow,morning,recent_history_only,11895,6871,620,620,0.4951244360355116,0.6985409444091101,0.6321110993669529,0.6357426887919184,0.6348420899432397
sleep_duration,tomorrow,morning,fingerprint_42d_only,11895,6871,620,620,0.4951244360355116,0.7088842996565363,0.648131225992854,0.6502207169946832,0.6495415514481153
sleep_duration,tomorrow,morning,today_partial_only,11895,6871,620,620,0.4951244360355116,0.5449827810578587,0.44914925238349596,0.5175899531061121,0.5141900742250036
sleep_duration,tomorrow,morning,history_plus_fingerprint,11895,6871,620,620,0.4951244360355116,0.7100616038350256,0.6486904036421087,0.650630409358509,0.6499781691165769
sleep_duration,tomorrow,morning,history_fingerprint_plus_today,11895,6871,620,620,0.4951244360355116,0.7100616038350256,0.6486904036421087,0.650630409358509,0.6499781691165769
sleep_duration,tomorrow,afternoon,calendar_only,11895,6871,620,620,0.4951244360355116,0.5449827810578587,0.44914925238349596,0.5175899531061121,0.5141900742250036
sleep_duration,tomorrow,afternoon,recent_history_only,11895,6871,620,620,0.4951244360355116,0.6985409444091101,0.6321110993669529,0.6357426887919184,0.6348420899432397
sleep_duration,tomorrow,afternoon,fingerprint_42d_only,11895,6871,620,620,0.4951244360355116,0.7088842996565363,0.648131225992854,0.6502207169946832,0.6495415514481153
sleep_duration,tomorrow,afternoon,today_partial_only,11895,6871,620,620,0.4951244360355116,0.5449827810578587,0.44914925238349596,0.5175899531061121,0.5141900742250036
sleep_duration,tomorrow,afternoon,history_plus_fingerprint,11895,6871,620,620,0.4951244360355116,0.7100616038350256,0.6486904036421087,0.650630409358509,0.6499781691165769
sleep_duration,tomorrow,afternoon,history_fingerprint_plus_today,11895,6871,620,620,0.4951244360355116,0.7100616038350256,0.6486904036421087,0.650630409358509,0.6499781691165769
sleep_duration,tomorrow,evening,calendar_only,11895,6871,620,620,0.4951244360355116,0.5449827810578587,0.44914925238349596,0.5175899531061121,0.5141900742250036
sleep_duration,tomorrow,evening,recent_history_only,11895,6871,620,620,0.4951244360355116,0.6985409444091101,0.6321110993669529,0.6357426887919184,0.6348420899432397
sleep_duration,tomorrow,evening,fingerprint_42d_only,11895,6871,620,620,0.4951244360355116,0.7088842996565363,0.648131225992854,0.6502207169946832,0.6495415514481153
sleep_duration,tomorrow,evening,today_partial_only,11895,6871,620,620,0.4951244360355116,0.5449827810578587,0.44914925238349596,0.5175899531061121,0.5141900742250036
sleep_duration,tomorrow,evening,history_plus_fingerprint,11895,6871,620,620,0.4951244360355116,0.7100616038350256,0.6486904036421087,0.650630409358509,0.6499781691165769
sleep_duration,tomorrow,evening,history_fingerprint_plus_today,11895,6871,620,620,0.4951244360355116,0.7100616038350256,0.6486904036421087,0.650630409358509,0.6499781691165769
sleep_duration,next_week,morning,calendar_only,11258,6531,605,605,0.4922676466084826,0.5291576540154996,0.33836608039629557,0.5001594606104152,0.49257387842596845
sleep_duration,next_week,morning,recent_history_only,11258,6531,605,605,0.4922676466084826,0.7987426061866967,0.7194757995617787,0.7223439959328164,0.7210228142704027
sleep_duration,next_week,morning,fingerprint_42d_only,11258,6531,605,605,0.4922676466084826,0.8183242284451465,0.7397108269926966,0.7409835811851488,0.7401623028632675
sleep_duration,next_week,morning,today_partial_only,11258,6531,605,605,0.4922676466084826,0.5291576540154996,0.33836608039629557,0.5001594606104152,0.49257387842596845
sleep_duration,next_week,morning,history_plus_fingerprint,11258,6531,605,605,0.4922676466084826,0.8180505658975663,0.7404810462624694,0.7417469754074218,0.740927882406982
sleep_duration,next_week,morning,history_fingerprint_plus_today,11258,6531,605,605,0.4922676466084826,0.8180505658975663,0.7404810462624694,0.7417469754074218,0.740927882406982
sleep_duration,next_week,afternoon,calendar_only,11258,6531,605,605,0.4922676466084826,0.5291576540154996,0.33836608039629557,0.5001594606104152,0.49257387842596845
sleep_duration,next_week,afternoon,recent_history_only,11258,6531,605,605,0.4922676466084826,0.7987426061866967,0.7194757995617787,0.7223439959328164,0.7210228142704027
sleep_duration,next_week,afternoon,fingerprint_42d_only,11258,6531,605,605,0.4922676466084826,0.8183242284451465,0.7397108269926966,0.7409835811851488,0.7401623028632675
sleep_duration,next_week,afternoon,today_partial_only,11258,6531,605,605,0.4922676466084826,0.5291576540154996,0.33836608039629557,0.5001594606104152,0.49257387842596845
sleep_duration,next_week,afternoon,history_plus_fingerprint,11258,6531,605,605,0.4922676466084826,0.8180505658975663,0.7404810462624694,0.7417469754074218,0.740927882406982
sleep_duration,next_week,afternoon,history_fingerprint_plus_today,11258,6531,605,605,0.4922676466084826,0.8180505658975663,0.7404810462624694,0.7417469754074218,0.740927882406982
sleep_duration,next_week,evening,calendar_only,11258,6531,605,605,0.4922676466084826,0.5291576540154996,0.33836608039629557,0.5001594606104152,0.49257387842596845
sleep_duration,next_week,evening,recent_history_only,11258,6531,605,605,0.4922676466084826,0.7987426061866967,0.7194757995617787,0.7223439959328164,0.7210228142704027
sleep_duration,next_week,evening,fingerprint_42d_only,11258,6531,605,605,0.4922676466084826,0.8183242284451465,0.7397108269926966,0.7409835811851488,0.7401623028632675
sleep_duration,next_week,evening,today_partial_only,11258,6531,605,605,0.4922676466084826,0.5291576540154996,0.33836608039629557,0.5001594606104152,0.49257387842596845
sleep_duration,next_week,evening,history_plus_fingerprint,11258,6531,605,605,0.4922676466084826,0.8180505658975663,0.7404810462624694,0.7417469754074218,0.740927882406982
sleep_duration,next_week,evening,history_fingerprint_plus_today,11258,6531,605,605,0.4922676466084826,0.8180505658975663,0.7404810462624694,0.7417469754074218,0.740927882406982
sleep_in_bed,tomorrow,morning,calendar_only,11895,6871,620,620,0.4968709067093582,0.5411823712837218,0.46972086919638545,0.5182496938282174,0.5163731625673119
sleep_in_bed,tomorrow,morning,recent_history_only,11895,6871,620,620,0.4968709067093582,0.6908572030396372,0.6267246888385385,0.6298572520135657,0.6293115994760587
sleep_in_bed,tomorrow,morning,fingerprint_42d_only,11895,6871,620,620,0.4968709067093582,0.7021467102992172,0.6461362738224234,0.6475834840256027,0.6472129238829865
sleep_in_bed,tomorrow,morning,today_partial_only,11895,6871,620,620,0.4968709067093582,0.5411823712837218,0.46972086919638545,0.5182496938282174,0.5163731625673119
sleep_in_bed,tomorrow,morning,history_plus_fingerprint,11895,6871,620,620,0.4968709067093582,0.7033656781558825,0.6441863050133534,0.6456995976512172,0.6453209139863193
sleep_in_bed,tomorrow,morning,history_fingerprint_plus_today,11895,6871,620,620,0.4968709067093582,0.7033656781558825,0.6441863050133534,0.6456995976512172,0.6453209139863193
sleep_in_bed,tomorrow,afternoon,calendar_only,11895,6871,620,620,0.4968709067093582,0.5411823712837218,0.46972086919638545,0.5182496938282174,0.5163731625673119
sleep_in_bed,tomorrow,afternoon,recent_history_only,11895,6871,620,620,0.4968709067093582,0.6908572030396372,0.6267246888385385,0.6298572520135657,0.6293115994760587
sleep_in_bed,tomorrow,afternoon,fingerprint_42d_only,11895,6871,620,620,0.4968709067093582,0.7021467102992172,0.6461362738224234,0.6475834840256027,0.6472129238829865
sleep_in_bed,tomorrow,afternoon,today_partial_only,11895,6871,620,620,0.4968709067093582,0.5411823712837218,0.46972086919638545,0.5182496938282174,0.5163731625673119
sleep_in_bed,tomorrow,afternoon,history_plus_fingerprint,11895,6871,620,620,0.4968709067093582,0.7033656781558825,0.6441863050133534,0.6456995976512172,0.6453209139863193
sleep_in_bed,tomorrow,afternoon,history_fingerprint_plus_today,11895,6871,620,620,0.4968709067093582,0.7033656781558825,0.6441863050133534,0.6456995976512172,0.6453209139863193
sleep_in_bed,tomorrow,evening,calendar_only,11895,6871,620,620,0.4968709067093582,0.5411823712837218,0.46972086919638545,0.5182496938282174,0.5163731625673119
sleep_in_bed,tomorrow,evening,recent_history_only,11895,6871,620,620,0.4968709067093582,0.6908572030396372,0.6267246888385385,0.6298572520135657,0.6293115994760587
sleep_in_bed,tomorrow,evening,fingerprint_42d_only,11895,6871,620,620,0.4968709067093582,0.7021467102992172,0.6461362738224234,0.6475834840256027,0.6472129238829865
sleep_in_bed,tomorrow,evening,today_partial_only,11895,6871,620,620,0.4968709067093582,0.5411823712837218,0.46972086919638545,0.5182496938282174,0.5163731625673119
sleep_in_bed,tomorrow,evening,history_plus_fingerprint,11895,6871,620,620,0.4968709067093582,0.7033656781558825,0.6441863050133534,0.6456995976512172,0.6453209139863193
sleep_in_bed,tomorrow,evening,history_fingerprint_plus_today,11895,6871,620,620,0.4968709067093582,0.7033656781558825,0.6441863050133534,0.6456995976512172,0.6453209139863193
sleep_in_bed,next_week,morning,calendar_only,11258,6531,605,605,0.49732047159699894,0.5139185444047482,0.34033682358734246,0.49994912401399055,0.49732047159699894
sleep_in_bed,next_week,morning,recent_history_only,11258,6531,605,605,0.49732047159699894,0.781672153458104,0.7105548958464674,0.7118610632621551,0.7115296279283417
sleep_in_bed,next_week,morning,fingerprint_42d_only,11258,6531,605,605,0.49732047159699894,0.8022900570786362,0.7334956882545367,0.7336937541357254,0.733578318787322
sleep_in_bed,next_week,morning,today_partial_only,11258,6531,605,605,0.49732047159699894,0.5139185444047482,0.34033682358734246,0.49994912401399055,0.49732047159699894
sleep_in_bed,next_week,morning,history_plus_fingerprint,11258,6531,605,605,0.49732047159699894,0.8021881644356883,0.7324100459712722,0.7326292972155408,0.7325065074261216
sleep_in_bed,next_week,morning,history_fingerprint_plus_today,11258,6531,605,605,0.49732047159699894,0.8021881644356883,0.7324100459712722,0.7326292972155408,0.7325065074261216
sleep_in_bed,next_week,afternoon,calendar_only,11258,6531,605,605,0.49732047159699894,0.5139185444047482,0.34033682358734246,0.49994912401399055,0.49732047159699894
sleep_in_bed,next_week,afternoon,recent_history_only,11258,6531,605,605,0.49732047159699894,0.781672153458104,0.7105548958464674,0.7118610632621551,0.7115296279283417
sleep_in_bed,next_week,afternoon,fingerprint_42d_only,11258,6531,605,605,0.49732047159699894,0.8022900570786362,0.7334956882545367,0.7336937541357254,0.733578318787322
sleep_in_bed,next_week,afternoon,today_partial_only,11258,6531,605,605,0.49732047159699894,0.5139185444047482,0.34033682358734246,0.49994912401399055,0.49732047159699894
sleep_in_bed,next_week,afternoon,history_plus_fingerprint,11258,6531,605,605,0.49732047159699894,0.8021881644356883,0.7324100459712722,0.7326292972155408,0.7325065074261216
sleep_in_bed,next_week,afternoon,history_fingerprint_plus_today,11258,6531,605,605,0.49732047159699894,0.8021881644356883,0.7324100459712722,0.7326292972155408,0.7325065074261216
sleep_in_bed,next_week,evening,calendar_only,11258,6531,605,605,0.49732047159699894,0.5139185444047482,0.34033682358734246,0.49994912401399055,0.49732047159699894
sleep_in_bed,next_week,evening,recent_history_only,11258,6531,605,605,0.49732047159699894,0.781672153458104,0.7105548958464674,0.7118610632621551,0.7115296279283417
sleep_in_bed,next_week,evening,fingerprint_42d_only,11258,6531,605,605,0.49732047159699894,0.8022900570786362,0.7334956882545367,0.7336937541357254,0.733578318787322
sleep_in_bed,next_week,evening,today_partial_only,11258,6531,605,605,0.49732047159699894,0.5139185444047482,0.34033682358734246,0.49994912401399055,0.49732047159699894
sleep_in_bed,next_week,evening,history_plus_fingerprint,11258,6531,605,605,0.49732047159699894,0.8021881644356883,0.7324100459712722,0.7326292972155408,0.7325065074261216
sleep_in_bed,next_week,evening,history_fingerprint_plus_today,11258,6531,605,605,0.49732047159699894,0.8021881644356883,0.7324100459712722,0.7326292972155408,0.7325065074261216
sleep_efficiency,tomorrow,morning,calendar_only,11743,6792,619,619,0.4287396937573616,0.5468674326639855,0.31409678033878213,0.5033101563385068,0.43359835100117783
sleep_efficiency,tomorrow,morning,recent_history_only,11743,6792,619,619,0.4287396937573616,0.7695948421745781,0.6925597497088278,0.6994877223292172,0.6936101295641932
sleep_efficiency,tomorrow,morning,fingerprint_42d_only,11743,6792,619,619,0.4287396937573616,0.7813697497734224,0.6932697332420739,0.7016731335674635,0.693904593639576
sleep_efficiency,tomorrow,morning,today_partial_only,11743,6792,619,619,0.4287396937573616,0.5468674326639855,0.31409678033878213,0.5033101563385068,0.43359835100117783
sleep_efficiency,tomorrow,morning,history_plus_fingerprint,11743,6792,619,619,0.4287396937573616,0.7818824699784752,0.7007052026761618,0.7073896142517276,0.7018551236749117
sleep_efficiency,tomorrow,morning,history_fingerprint_plus_today,11743,6792,619,619,0.4287396937573616,0.7818824699784752,0.7007052026761618,0.7073896142517276,0.7018551236749117
sleep_efficiency,tomorrow,afternoon,calendar_only,11743,6792,619,619,0.4287396937573616,0.5468674326639855,0.31409678033878213,0.5033101563385068,0.43359835100117783
sleep_efficiency,tomorrow,afternoon,recent_history_only,11743,6792,619,619,0.4287396937573616,0.7695948421745781,0.6925597497088278,0.6994877223292172,0.6936101295641932
sleep_efficiency,tomorrow,afternoon,fingerprint_42d_only,11743,6792,619,619,0.4287396937573616,0.7813697497734224,0.6932697332420739,0.7016731335674635,0.693904593639576
sleep_efficiency,tomorrow,afternoon,today_partial_only,11743,6792,619,619,0.4287396937573616,0.5468674326639855,0.31409678033878213,0.5033101563385068,0.43359835100117783
sleep_efficiency,tomorrow,afternoon,history_plus_fingerprint,11743,6792,619,619,0.4287396937573616,0.7818824699784752,0.7007052026761618,0.7073896142517276,0.7018551236749117
sleep_efficiency,tomorrow,afternoon,history_fingerprint_plus_today,11743,6792,619,619,0.4287396937573616,0.7818824699784752,0.7007052026761618,0.7073896142517276,0.7018551236749117
sleep_efficiency,tomorrow,evening,calendar_only,11743,6792,619,619,0.4287396937573616,0.5468674326639855,0.31409678033878213,0.5033101563385068,0.43359835100117783
sleep_efficiency,tomorrow,evening,recent_history_only,11743,6792,619,619,0.4287396937573616,0.7695948421745781,0.6925597497088278,0.6994877223292172,0.6936101295641932
sleep_efficiency,tomorrow,evening,fingerprint_42d_only,11743,6792,619,619,0.4287396937573616,0.7813697497734224,0.6932697332420739,0.7016731335674635,0.693904593639576
sleep_efficiency,tomorrow,evening,today_partial_only,11743,6792,619,619,0.4287396937573616,0.5468674326639855,0.31409678033878213,0.5033101563385068,0.43359835100117783
sleep_efficiency,tomorrow,evening,history_plus_fingerprint,11743,6792,619,619,0.4287396937573616,0.7818824699784752,0.7007052026761618,0.7073896142517276,0.7018551236749117
sleep_efficiency,tomorrow,evening,history_fingerprint_plus_today,11743,6792,619,619,0.4287396937573616,0.7818824699784752,0.7007052026761618,0.7073896142517276,0.7018551236749117
sleep_efficiency,next_week,morning,calendar_only,11166,6493,605,605,0.5059294624980748,0.5843681796270359,0.3553968049485121,0.5067677552693609,0.5125519790543662
sleep_efficiency,next_week,morning,recent_history_only,11166,6493,605,605,0.5059294624980748,0.8821686745844672,0.7980843984202506,0.798042944389407,0.7983982750654551
sleep_efficiency,next_week,morning,fingerprint_42d_only,11166,6493,605,605,0.5059294624980748,0.900364243500837,0.8037437869720747,0.8037610501903536,0.8042507315570615
sleep_efficiency,next_week,morning,today_partial_only,11166,6493,605,605,0.5059294624980748,0.5843681796270359,0.3553968049485121,0.5067677552693609,0.5125519790543662
sleep_efficiency,next_week,morning,history_plus_fingerprint,11166,6493,605,605,0.5059294624980748,0.9013149204614035,0.8094254156753056,0.8093866361493527,0.8097951640227937
sleep_efficiency,next_week,morning,history_fingerprint_plus_today,11166,6493,605,605,0.5059294624980748,0.9013149204614035,0.8094254156753056,0.8093866361493527,0.8097951640227937
sleep_efficiency,next_week,afternoon,calendar_only,11166,6493,605,605,0.5059294624980748,0.5843681796270359,0.3553968049485121,0.5067677552693609,0.5125519790543662
sleep_efficiency,next_week,afternoon,recent_history_only,11166,6493,605,605,0.5059294624980748,0.8821686745844672,0.7980843984202506,0.798042944389407,0.7983982750654551
sleep_efficiency,next_week,afternoon,fingerprint_42d_only,11166,6493,605,605,0.5059294624980748,0.900364243500837,0.8037437869720747,0.8037610501903536,0.8042507315570615
sleep_efficiency,next_week,afternoon,today_partial_only,11166,6493,605,605,0.5059294624980748,0.5843681796270359,0.3553968049485121,0.5067677552693609,0.5125519790543662
sleep_efficiency,next_week,afternoon,history_plus_fingerprint,11166,6493,605,605,0.5059294624980748,0.9013149204614035,0.8094254156753056,0.8093866361493527,0.8097951640227937
sleep_efficiency,next_week,afternoon,history_fingerprint_plus_today,11166,6493,605,605,0.5059294624980748,0.9013149204614035,0.8094254156753056,0.8093866361493527,0.8097951640227937
sleep_efficiency,next_week,evening,calendar_only,11166,6493,605,605,0.5059294624980748,0.5843681796270359,0.3553968049485121,0.5067677552693609,0.5125519790543662
sleep_efficiency,next_week,evening,recent_history_only,11166,6493,605,605,0.5059294624980748,0.8821686745844672,0.7980843984202506,0.798042944389407,0.7983982750654551
sleep_efficiency,next_week,evening,fingerprint_42d_only,11166,6493,605,605,0.5059294624980748,0.900364243500837,0.8037437869720747,0.8037610501903536,0.8042507315570615
sleep_efficiency,next_week,evening,today_partial_only,11166,6493,605,605,0.5059294624980748,0.5843681796270359,0.3553968049485121,0.5067677552693609,0.5125519790543662
sleep_efficiency,next_week,evening,history_plus_fingerprint,11166,6493,605,605,0.5059294624980748,0.9013149204614035,0.8094254156753056,0.8093866361493527,0.8097951640227937
sleep_efficiency,next_week,evening,history_fingerprint_plus_today,11166,6493,605,605,0.5059294624980748,0.9013149204614035,0.8094254156753056,0.8093866361493527,0.8097951640227937
location_home_time,tomorrow,morning,calendar_only,14592,8271,629,629,0.44746705356063354,0.5220720108173496,0.4498444603602085,0.5177010826218238,0.485310119695321
location_home_time,tomorrow,morning,recent_history_only,14592,8271,629,629,0.44746705356063354,0.7953983103508012,0.7072340730770286,0.7107486473878666,0.7078950550114859
location_home_time,tomorrow,morning,fingerprint_42d_only,14592,8271,629,629,0.44746705356063354,0.7848100667097484,0.7075172764623776,0.7090235532770433,0.7092250030226092
location_home_time,tomorrow,morning,today_partial_only,14592,8271,629,629,0.44746705356063354,0.5220720108173496,0.4498444603602085,0.5177010826218238,0.485310119695321
location_home_time,tomorrow,morning,history_plus_fingerprint,14592,8271,629,629,0.44746705356063354,0.8074411256760103,0.7202921490805758,0.722694203530065,0.721436343852013
location_home_time,tomorrow,morning,history_fingerprint_plus_today,14592,8271,629,629,0.44746705356063354,0.8074411256760103,0.7202921490805758,0.722694203530065,0.721436343852013
location_home_time,tomorrow,afternoon,calendar_only,14592,8271,629,629,0.44746705356063354,0.5220720108173496,0.4498444603602085,0.5177010826218238,0.485310119695321
location_home_time,tomorrow,afternoon,recent_history_only,14592,8271,629,629,0.44746705356063354,0.7953983103508012,0.7072340730770286,0.7107486473878666,0.7078950550114859
location_home_time,tomorrow,afternoon,fingerprint_42d_only,14592,8271,629,629,0.44746705356063354,0.7848100667097484,0.7075172764623776,0.7090235532770433,0.7092250030226092
location_home_time,tomorrow,afternoon,today_partial_only,14592,8271,629,629,0.44746705356063354,0.5220720108173496,0.4498444603602085,0.5177010826218238,0.485310119695321
location_home_time,tomorrow,afternoon,history_plus_fingerprint,14592,8271,629,629,0.44746705356063354,0.8074411256760103,0.7202921490805758,0.722694203530065,0.721436343852013
location_home_time,tomorrow,afternoon,history_fingerprint_plus_today,14592,8271,629,629,0.44746705356063354,0.8074411256760103,0.7202921490805758,0.722694203530065,0.721436343852013
location_home_time,tomorrow,evening,calendar_only,14592,8271,629,629,0.44746705356063354,0.5220720108173496,0.4498444603602085,0.5177010826218238,0.485310119695321
location_home_time,tomorrow,evening,recent_history_only,14592,8271,629,629,0.44746705356063354,0.7953983103508012,0.7072340730770286,0.7107486473878666,0.7078950550114859
location_home_time,tomorrow,evening,fingerprint_42d_only,14592,8271,629,629,0.44746705356063354,0.7848100667097484,0.7075172764623776,0.7090235532770433,0.7092250030226092
location_home_time,tomorrow,evening,today_partial_only,14592,8271,629,629,0.44746705356063354,0.5220720108173496,0.4498444603602085,0.5177010826218238,0.485310119695321
location_home_time,tomorrow,evening,history_plus_fingerprint,14592,8271,629,629,0.44746705356063354,0.8074411256760103,0.7202921490805758,0.722694203530065,0.721436343852013
location_home_time,tomorrow,evening,history_fingerprint_plus_today,14592,8271,629,629,0.44746705356063354,0.8074411256760103,0.7202921490805758,0.722694203530065,0.721436343852013
location_home_time,next_week,morning,calendar_only,13455,7690,629,629,0.44291287386215866,0.48690130779264146,0.40713574390158397,0.5007239928658878,0.4600780234070221
location_home_time,next_week,morning,recent_history_only,13455,7690,629,629,0.44291287386215866,0.8230004323122868,0.7433087518886397,0.7454614063280431,0.7449934980494148
location_home_time,next_week,morning,fingerprint_42d_only,13455,7690,629,629,0.44291287386215866,0.8413023263719268,0.7565076570387865,0.7559878815491747,0.7602080624187256
location_home_time,next_week,morning,today_partial_only,13455,7690,629,629,0.44291287386215866,0.48690130779264146,0.40713574390158397,0.5007239928658878,0.4600780234070221
location_home_time,next_week,morning,history_plus_fingerprint,13455,7690,629,629,0.44291287386215866,0.8430907203358933,0.7602725957913437,0.7608156885772512,0.7629388816644993
location_home_time,next_week,morning,history_fingerprint_plus_today,13455,7690,629,629,0.44291287386215866,0.8430907203358933,0.7602725957913437,0.7608156885772512,0.7629388816644993
location_home_time,next_week,afternoon,calendar_only,13455,7690,629,629,0.44291287386215866,0.48690130779264146,0.40713574390158397,0.5007239928658878,0.4600780234070221
location_home_time,next_week,afternoon,recent_history_only,13455,7690,629,629,0.44291287386215866,0.8230004323122868,0.7433087518886397,0.7454614063280431,0.7449934980494148
location_home_time,next_week,afternoon,fingerprint_42d_only,13455,7690,629,629,0.44291287386215866,0.8413023263719268,0.7565076570387865,0.7559878815491747,0.7602080624187256
location_home_time,next_week,afternoon,today_partial_only,13455,7690,629,629,0.44291287386215866,0.48690130779264146,0.40713574390158397,0.5007239928658878,0.4600780234070221
location_home_time,next_week,afternoon,history_plus_fingerprint,13455,7690,629,629,0.44291287386215866,0.8430907203358933,0.7602725957913437,0.7608156885772512,0.7629388816644993
location_home_time,next_week,afternoon,history_fingerprint_plus_today,13455,7690,629,629,0.44291287386215866,0.8430907203358933,0.7602725957913437,0.7608156885772512,0.7629388816644993
location_home_time,next_week,evening,calendar_only,13455,7690,629,629,0.44291287386215866,0.48690130779264146,0.40713574390158397,0.5007239928658878,0.4600780234070221
location_home_time,next_week,evening,recent_history_only,13455,7690,629,629,0.44291287386215866,0.8230004323122868,0.7433087518886397,0.7454614063280431,0.7449934980494148
location_home_time,next_week,evening,fingerprint_42d_only,13455,7690,629,629,0.44291287386215866,0.8413023263719268,0.7565076570387865,0.7559878815491747,0.7602080624187256
location_home_time,next_week,evening,today_partial_only,13455,7690,629,629,0.44291287386215866,0.48690130779264146,0.40713574390158397,0.5007239928658878,0.4600780234070221
location_home_time,next_week,evening,history_plus_fingerprint,13455,7690,629,629,0.44291287386215866,0.8430907203358933,0.7602725957913437,0.7608156885772512,0.7629388816644993
location_home_time,next_week,evening,history_fingerprint_plus_today,13455,7690,629,629,0.44291287386215866,0.8430907203358933,0.7602725957913437,0.7608156885772512,0.7629388816644993
location_distance,tomorrow,morning,calendar_only,14592,8271,629,629,0.523274090194656,0.524795221931001,0.5140330468819387,0.5192501112198177,0.5155362108572119
location_distance,tomorrow,morning,recent_history_only,14592,8271,629,629,0.523274090194656,0.626912652713365,0.5793612957395455,0.5906700812361737,0.5843307943416758
location_distance,tomorrow,morning,fingerprint_42d_only,14592,8271,629,629,0.523274090194656,0.6985575820975707,0.6342222138676321,0.6410094130171955,0.6361987667754806
location_distance,tomorrow,morning,today_partial_only,14592,8271,629,629,0.523274090194656,0.524795221931001,0.5140330468819387,0.5192501112198177,0.5155362108572119
location_distance,tomorrow,morning,history_plus_fingerprint,14592,8271,629,629,0.523274090194656,0.6993848161157867,0.6353853715376035,0.6418095452621295,0.6371660016926611
location_distance,tomorrow,morning,history_fingerprint_plus_today,14592,8271,629,629,0.523274090194656,0.6993848161157867,0.6353853715376035,0.6418095452621295,0.6371660016926611
location_distance,tomorrow,afternoon,calendar_only,14592,8271,629,629,0.523274090194656,0.524795221931001,0.5140330468819387,0.5192501112198177,0.5155362108572119
location_distance,tomorrow,afternoon,recent_history_only,14592,8271,629,629,0.523274090194656,0.626912652713365,0.5793612957395455,0.5906700812361737,0.5843307943416758
location_distance,tomorrow,afternoon,fingerprint_42d_only,14592,8271,629,629,0.523274090194656,0.6985575820975707,0.6342222138676321,0.6410094130171955,0.6361987667754806
location_distance,tomorrow,afternoon,today_partial_only,14592,8271,629,629,0.523274090194656,0.524795221931001,0.5140330468819387,0.5192501112198177,0.5155362108572119
location_distance,tomorrow,afternoon,history_plus_fingerprint,14592,8271,629,629,0.523274090194656,0.6993848161157867,0.6353853715376035,0.6418095452621295,0.6371660016926611
location_distance,tomorrow,afternoon,history_fingerprint_plus_today,14592,8271,629,629,0.523274090194656,0.6993848161157867,0.6353853715376035,0.6418095452621295,0.6371660016926611
location_distance,tomorrow,evening,calendar_only,14592,8271,629,629,0.523274090194656,0.524795221931001,0.5140330468819387,0.5192501112198177,0.5155362108572119
location_distance,tomorrow,evening,recent_history_only,14592,8271,629,629,0.523274090194656,0.626912652713365,0.5793612957395455,0.5906700812361737,0.5843307943416758
location_distance,tomorrow,evening,fingerprint_42d_only,14592,8271,629,629,0.523274090194656,0.6985575820975707,0.6342222138676321,0.6410094130171955,0.6361987667754806
location_distance,tomorrow,evening,today_partial_only,14592,8271,629,629,0.523274090194656,0.524795221931001,0.5140330468819387,0.5192501112198177,0.5155362108572119
location_distance,tomorrow,evening,history_plus_fingerprint,14592,8271,629,629,0.523274090194656,0.6993848161157867,0.6353853715376035,0.6418095452621295,0.6371660016926611
location_distance,tomorrow,evening,history_fingerprint_plus_today,14592,8271,629,629,0.523274090194656,0.6993848161157867,0.6353853715376035,0.6418095452621295,0.6371660016926611
location_distance,next_week,morning,calendar_only,13455,7690,629,629,0.5544863459037711,0.48839546033039477,0.4842249219127518,0.4961859097575214,0.48530559167750326
location_distance,next_week,morning,recent_history_only,13455,7690,629,629,0.5544863459037711,0.7391913345578289,0.6384395659250758,0.6599954656423838,0.6417425227568271
location_distance,next_week,morning,fingerprint_42d_only,13455,7690,629,629,0.5544863459037711,0.7695400419920946,0.6830762730127005,0.6921503177883725,0.6830949284785436
location_distance,next_week,morning,today_partial_only,13455,7690,629,629,0.5544863459037711,0.48839546033039477,0.4842249219127518,0.4961859097575214,0.48530559167750326
location_distance,next_week,morning,history_plus_fingerprint,13455,7690,629,629,0.5544863459037711,0.7728234809628172,0.688161050135456,0.6959777564568048,0.6881664499349804
location_distance,next_week,morning,history_fingerprint_plus_today,13455,7690,629,629,0.5544863459037711,0.7728234809628172,0.688161050135456,0.6959777564568048,0.6881664499349804
location_distance,next_week,afternoon,calendar_only,13455,7690,629,629,0.5544863459037711,0.48839546033039477,0.4842249219127518,0.4961859097575214,0.48530559167750326
location_distance,next_week,afternoon,recent_history_only,13455,7690,629,629,0.5544863459037711,0.7391913345578289,0.6384395659250758,0.6599954656423838,0.6417425227568271
location_distance,next_week,afternoon,fingerprint_42d_only,13455,7690,629,629,0.5544863459037711,0.7695400419920946,0.6830762730127005,0.6921503177883725,0.6830949284785436
location_distance,next_week,afternoon,today_partial_only,13455,7690,629,629,0.5544863459037711,0.48839546033039477,0.4842249219127518,0.4961859097575214,0.48530559167750326
location_distance,next_week,afternoon,history_plus_fingerprint,13455,7690,629,629,0.5544863459037711,0.7728234809628172,0.688161050135456,0.6959777564568048,0.6881664499349804
location_distance,next_week,afternoon,history_fingerprint_plus_today,13455,7690,629,629,0.5544863459037711,0.7728234809628172,0.688161050135456,0.6959777564568048,0.6881664499349804
location_distance,next_week,evening,calendar_only,13455,7690,629,629,0.5544863459037711,0.48839546033039477,0.4842249219127518,0.4961859097575214,0.48530559167750326
location_distance,next_week,evening,recent_history_only,13455,7690,629,629,0.5544863459037711,0.7391913345578289,0.6384395659250758,0.6599954656423838,0.6417425227568271
location_distance,next_week,evening,fingerprint_42d_only,13455,7690,629,629,0.5544863459037711,0.7695400419920946,0.6830762730127005,0.6921503177883725,0.6830949284785436
location_distance,next_week,evening,today_partial_only,13455,7690,629,629,0.5544863459037711,0.48839546033039477,0.4842249219127518,0.4961859097575214,0.48530559167750326
location_distance,next_week,evening,history_plus_fingerprint,13455,7690,629,629,0.5544863459037711,0.7728234809628172,0.688161050135456,0.6959777564568048,0.6881664499349804
location_distance,next_week,evening,history_fingerprint_plus_today,13455,7690,629,629,0.5544863459037711,0.7728234809628172,0.688161050135456,0.6959777564568048,0.6881664499349804
location_entropy,tomorrow,morning,calendar_only,16201,9174,692,692,0.526705908000872,0.5534363408308193,0.5149127907577886,0.5294498083557795,0.540113363854371
location_entropy,tomorrow,morning,recent_history_only,16201,9174,692,692,0.526705908000872,0.691078434381873,0.6413778696117658,0.6419233934067676,0.6417048179638107
location_entropy,tomorrow,morning,fingerprint_42d_only,16201,9174,692,692,0.526705908000872,0.7015220148724456,0.6475258788532798,0.647985057012821,0.6479180292129932
location_entropy,tomorrow,morning,today_partial_only,16201,9174,692,692,0.526705908000872,0.6032610260248733,0.5728653443605349,0.5730241313094646,0.5758665794637018
location_entropy,tomorrow,morning,history_plus_fingerprint,16201,9174,692,692,0.526705908000872,0.7052466323084854,0.6517932463361689,0.6524426630691749,0.6520601700457815
location_entropy,tomorrow,morning,history_fingerprint_plus_today,16201,9174,692,692,0.526705908000872,0.7072581149468765,0.6545266531726939,0.6551930683970826,0.6547852626989318
location_entropy,tomorrow,afternoon,calendar_only,16201,9174,692,692,0.526705908000872,0.5534363408308193,0.5149127907577886,0.5294498083557795,0.540113363854371
location_entropy,tomorrow,afternoon,recent_history_only,16201,9174,692,692,0.526705908000872,0.691078434381873,0.6413778696117658,0.6419233934067676,0.6417048179638107
location_entropy,tomorrow,afternoon,fingerprint_42d_only,16201,9174,692,692,0.526705908000872,0.7015220148724456,0.6475258788532798,0.647985057012821,0.6479180292129932
location_entropy,tomorrow,afternoon,today_partial_only,16201,9174,692,692,0.526705908000872,0.6557038749805534,0.6134706616301151,0.6136768426976917,0.6141268803139307
location_entropy,tomorrow,afternoon,history_plus_fingerprint,16201,9174,692,692,0.526705908000872,0.7052466323084854,0.6517932463361689,0.6524426630691749,0.6520601700457815
location_entropy,tomorrow,afternoon,history_fingerprint_plus_today,16201,9174,692,692,0.526705908000872,0.7165323978253376,0.6599644248402063,0.6606121366538447,0.6602354480052322
location_entropy,tomorrow,evening,calendar_only,16201,9174,692,692,0.526705908000872,0.5534363408308193,0.5149127907577886,0.5294498083557795,0.540113363854371
location_entropy,tomorrow,evening,recent_history_only,16201,9174,692,692,0.526705908000872,0.691078434381873,0.6413778696117658,0.6419233934067676,0.6417048179638107
location_entropy,tomorrow,evening,fingerprint_42d_only,16201,9174,692,692,0.526705908000872,0.7015220148724456,0.6475258788532798,0.647985057012821,0.6479180292129932
location_entropy,tomorrow,evening,today_partial_only,16201,9174,692,692,0.526705908000872,0.6934132880443901,0.6451927299880029,0.6469979520073454,0.645192936559843
location_entropy,tomorrow,evening,history_plus_fingerprint,16201,9174,692,692,0.526705908000872,0.7052466323084854,0.6517932463361689,0.6524426630691749,0.6520601700457815
location_entropy,tomorrow,evening,history_fingerprint_plus_today,16201,9174,692,692,0.526705908000872,0.7315215706513615,0.6709926162123699,0.67168220232993,0.671244822323959
location_entropy,next_week,morning,calendar_only,14985,8548,692,692,0.5519419747309312,0.59847498110121,0.3583112895720437,0.500376260242148,0.5520589611605053
location_entropy,next_week,morning,recent_history_only,14985,8548,692,692,0.5519419747309312,0.7768163867727287,0.6942618677506494,0.6966387270793373,0.6953673373888629
location_entropy,next_week,morning,fingerprint_42d_only,14985,8548,692,692,0.5519419747309312,0.8036329395670379,0.7200064516627945,0.7204637093426984,0.7225081890500702
location_entropy,next_week,morning,today_partial_only,14985,8548,692,692,0.5519419747309312,0.6351158609270423,0.5785141880286012,0.5801223468367909,0.5933551708001872
location_entropy,next_week,morning,history_plus_fingerprint,14985,8548,692,692,0.5519419747309312,0.803293259413147,0.715356498367997,0.7161109555427412,0.7175947590079551
location_entropy,next_week,morning,history_fingerprint_plus_today,14985,8548,692,692,0.5519419747309312,0.803870405767811,0.7158518587668146,0.7166331487542295,0.7180627047262518
location_entropy,next_week,afternoon,calendar_only,14985,8548,692,692,0.5519419747309312,0.59847498110121,0.3583112895720437,0.500376260242148,0.5520589611605053
location_entropy,next_week,afternoon,recent_history_only,14985,8548,692,692,0.5519419747309312,0.7768163867727287,0.6942618677506494,0.6966387270793373,0.6953673373888629
location_entropy,next_week,afternoon,fingerprint_42d_only,14985,8548,692,692,0.5519419747309312,0.8036329395670379,0.7200064516627945,0.7204637093426984,0.7225081890500702
location_entropy,next_week,afternoon,today_partial_only,14985,8548,692,692,0.5519419747309312,0.6741175676288909,0.6075432727869958,0.6286879203804772,0.6114880673841835
location_entropy,next_week,afternoon,history_plus_fingerprint,14985,8548,692,692,0.5519419747309312,0.803293259413147,0.715356498367997,0.7161109555427412,0.7175947590079551
location_entropy,next_week,afternoon,history_fingerprint_plus_today,14985,8548,692,692,0.5519419747309312,0.8063657931348969,0.7188870226612957,0.7199137351867244,0.7208703790360318
location_entropy,next_week,evening,calendar_only,14985,8548,692,692,0.5519419747309312,0.59847498110121,0.3583112895720437,0.500376260242148,0.5520589611605053
location_entropy,next_week,evening,recent_history_only,14985,8548,692,692,0.5519419747309312,0.7768163867727287,0.6942618677506494,0.6966387270793373,0.6953673373888629
location_entropy,next_week,evening,fingerprint_42d_only,14985,8548,692,692,0.5519419747309312,0.8036329395670379,0.7200064516627945,0.7204637093426984,0.7225081890500702
location_entropy,next_week,evening,today_partial_only,14985,8548,692,692,0.5519419747309312,0.6859532461092841,0.634935472006763,0.6483800167571115,0.6359382311651849
location_entropy,next_week,evening,history_plus_fingerprint,14985,8548,692,692,0.5519419747309312,0.803293259413147,0.715356498367997,0.7161109555427412,0.7175947590079551
location_entropy,next_week,evening,history_fingerprint_plus_today,14985,8548,692,692,0.5519419747309312,0.8093785867578973,0.7204207082431296,0.7216031707908273,0.7222742161909218
significant_places,tomorrow,morning,calendar_only,16201,9174,692,692,0.526705908000872,0.5534363408308193,0.5149127907577886,0.5294498083557795,0.540113363854371
significant_places,tomorrow,morning,recent_history_only,16201,9174,692,692,0.526705908000872,0.6914748016066695,0.6360902161256687,0.6392135018043383,0.6362546326575104
significant_places,tomorrow,morning,fingerprint_42d_only,16201,9174,692,692,0.526705908000872,0.7029291042215112,0.6541272911432052,0.656183700479835,0.6541312404621757
significant_places,tomorrow,morning,today_partial_only,16201,9174,692,692,0.526705908000872,0.6009877532250831,0.5638274270416097,0.5638010625463287,0.565511227381731
significant_places,tomorrow,morning,history_plus_fingerprint,16201,9174,692,692,0.526705908000872,0.7050289306130479,0.6531884946618707,0.6558930502469336,0.6532592108131676
significant_places,tomorrow,morning,history_fingerprint_plus_today,16201,9174,692,692,0.526705908000872,0.7060036908480543,0.6544989410324136,0.6571931595291334,0.6545672552866797
significant_places,tomorrow,afternoon,calendar_only,16201,9174,692,692,0.526705908000872,0.5534363408308193,0.5149127907577886,0.5294498083557795,0.540113363854371
significant_places,tomorrow,afternoon,recent_history_only,16201,9174,692,692,0.526705908000872,0.6914748016066695,0.6360902161256687,0.6392135018043383,0.6362546326575104
significant_places,tomorrow,afternoon,fingerprint_42d_only,16201,9174,692,692,0.526705908000872,0.7029291042215112,0.6541272911432052,0.656183700479835,0.6541312404621757
significant_places,tomorrow,afternoon,today_partial_only,16201,9174,692,692,0.526705908000872,0.6526609843862962,0.6135332719318443,0.6139953759063635,0.6139088729016786
significant_places,tomorrow,afternoon,history_plus_fingerprint,16201,9174,692,692,0.526705908000872,0.7050289306130479,0.6531884946618707,0.6558930502469336,0.6532592108131676
significant_places,tomorrow,afternoon,history_fingerprint_plus_today,16201,9174,692,692,0.526705908000872,0.7137218176992932,0.6603943770968727,0.6630494900418216,0.6604534554174842
significant_places,tomorrow,evening,calendar_only,16201,9174,692,692,0.526705908000872,0.5534363408308193,0.5149127907577886,0.5294498083557795,0.540113363854371
significant_places,tomorrow,evening,recent_history_only,16201,9174,692,692,0.526705908000872,0.6914748016066695,0.6360902161256687,0.6392135018043383,0.6362546326575104
significant_places,tomorrow,evening,fingerprint_42d_only,16201,9174,692,692,0.526705908000872,0.7029291042215112,0.6541272911432052,0.656183700479835,0.6541312404621757
significant_places,tomorrow,evening,today_partial_only,16201,9174,692,692,0.526705908000872,0.6877204661614112,0.6383233145766773,0.6412012958291262,0.6384347067800306
significant_places,tomorrow,evening,history_plus_fingerprint,16201,9174,692,692,0.526705908000872,0.7050289306130479,0.6531884946618707,0.6558930502469336,0.6532592108131676
significant_places,tomorrow,evening,history_fingerprint_plus_today,16201,9174,692,692,0.526705908000872,0.7262133670127906,0.6686659880447163,0.6714392153034736,0.6687377370830608
significant_places,next_week,morning,calendar_only,14985,8548,692,692,0.5341600374356574,0.6290251488685507,0.350043336380444,0.5002379850809149,0.5342770238652317
significant_places,next_week,morning,recent_history_only,14985,8548,692,692,0.5341600374356574,0.8026966729168689,0.7171262558137498,0.7205861549992927,0.7171268132896584
significant_places,next_week,morning,fingerprint_42d_only,14985,8548,692,692,0.5341600374356574,0.8280460990356737,0.7496046594130212,0.7515395605234506,0.7497660271408516
significant_places,next_week,morning,today_partial_only,14985,8548,692,692,0.5341600374356574,0.6505690961934928,0.5720585892758263,0.5768815011397104,0.5869209171736078
significant_places,next_week,morning,history_plus_fingerprint,14985,8548,692,692,0.5341600374356574,0.8279562290051179,0.7487517335598333,0.7511292603839486,0.7488301357042583
significant_places,next_week,morning,history_fingerprint_plus_today,14985,8548,692,692,0.5341600374356574,0.8284281291655639,0.7487496422576827,0.7511132003784882,0.7488301357042583
significant_places,next_week,afternoon,calendar_only,14985,8548,692,692,0.5341600374356574,0.6290251488685507,0.350043336380444,0.5002379850809149,0.5342770238652317
significant_places,next_week,afternoon,recent_history_only,14985,8548,692,692,0.5341600374356574,0.8026966729168689,0.7171262558137498,0.7205861549992927,0.7171268132896584
significant_places,next_week,afternoon,fingerprint_42d_only,14985,8548,692,692,0.5341600374356574,0.8280460990356737,0.7496046594130212,0.7515395605234506,0.7497660271408516
significant_places,next_week,afternoon,today_partial_only,14985,8548,692,692,0.5341600374356574,0.6977494322348069,0.6314628118630892,0.6473403200957089,0.6364061768834816
significant_places,next_week,afternoon,history_plus_fingerprint,14985,8548,692,692,0.5341600374356574,0.8279562290051179,0.7487517335598333,0.7511292603839486,0.7488301357042583
significant_places,next_week,afternoon,history_fingerprint_plus_today,14985,8548,692,692,0.5341600374356574,0.8306988049375937,0.7488816724495224,0.751351185459403,0.7489471221338325
significant_places,next_week,evening,calendar_only,14985,8548,692,692,0.5341600374356574,0.6290251488685507,0.350043336380444,0.5002379850809149,0.5342770238652317
significant_places,next_week,evening,recent_history_only,14985,8548,692,692,0.5341600374356574,0.8026966729168689,0.7171262558137498,0.7205861549992927,0.7171268132896584
significant_places,next_week,evening,fingerprint_42d_only,14985,8548,692,692,0.5341600374356574,0.8280460990356737,0.7496046594130212,0.7515395605234506,0.7497660271408516
significant_places,next_week,evening,today_partial_only,14985,8548,692,692,0.5341600374356574,0.7073573305014923,0.6492715269516998,0.6615292799199552,0.6521993448759944
significant_places,next_week,evening,history_plus_fingerprint,14985,8548,692,692,0.5341600374356574,0.8279562290051179,0.7487517335598333,0.7511292603839486,0.7488301357042583
significant_places,next_week,evening,history_fingerprint_plus_today,14985,8548,692,692,0.5341600374356574,0.8329415407001239,0.7531032723027677,0.755662746925334,0.7531586335985025
incoming_call_count,tomorrow,morning,calendar_only,9291,5480,648,648,0.381021897810219,0.5191229193775754,0.5161299053231234,0.5180083405624232,0.5326642335766424
incoming_call_count,tomorrow,morning,recent_history_only,9291,5480,648,648,0.381021897810219,0.7182833566019664,0.6798850675868198,0.6758854505530254,0.7074817518248175
incoming_call_count,tomorrow,morning,fingerprint_42d_only,9291,5480,648,648,0.381021897810219,0.7424757458387552,0.6777202408622609,0.6748327143425144,0.7021897810218978
incoming_call_count,tomorrow,morning,today_partial_only,9291,5480,648,648,0.381021897810219,0.5601018341556423,0.538639665006226,0.5446006605580858,0.6018248175182481
incoming_call_count,tomorrow,morning,history_plus_fingerprint,9291,5480,648,648,0.381021897810219,0.7435666747993928,0.6819611211265385,0.6797682624882527,0.7041970802919708
incoming_call_count,tomorrow,morning,history_fingerprint_plus_today,9291,5480,648,648,0.381021897810219,0.7442962904603123,0.6807873263244182,0.6787731330875443,0.7027372262773722
incoming_call_count,tomorrow,afternoon,calendar_only,9291,5480,648,648,0.381021897810219,0.5191229193775754,0.5161299053231234,0.5180083405624232,0.5326642335766424
incoming_call_count,tomorrow,afternoon,recent_history_only,9291,5480,648,648,0.381021897810219,0.7182833566019664,0.6798850675868198,0.6758854505530254,0.7074817518248175
incoming_call_count,tomorrow,afternoon,fingerprint_42d_only,9291,5480,648,648,0.381021897810219,0.7424757458387552,0.6777202408622609,0.6748327143425144,0.7021897810218978
incoming_call_count,tomorrow,afternoon,today_partial_only,9291,5480,648,648,0.381021897810219,0.5951927117219693,0.5835428765673585,0.5829295208920697,0.625
incoming_call_count,tomorrow,afternoon,history_plus_fingerprint,9291,5480,648,648,0.381021897810219,0.7435666747993928,0.6819611211265385,0.6797682624882527,0.7041970802919708
incoming_call_count,tomorrow,afternoon,history_fingerprint_plus_today,9291,5480,648,648,0.381021897810219,0.7451363897699342,0.6803634167764603,0.6784229740475674,0.7021897810218978
incoming_call_count,tomorrow,evening,calendar_only,9291,5480,648,648,0.381021897810219,0.5191229193775754,0.5161299053231234,0.5180083405624232,0.5326642335766424
incoming_call_count,tomorrow,evening,recent_history_only,9291,5480,648,648,0.381021897810219,0.7182833566019664,0.6798850675868198,0.6758854505530254,0.7074817518248175
incoming_call_count,tomorrow,evening,fingerprint_42d_only,9291,5480,648,648,0.381021897810219,0.7424757458387552,0.6777202408622609,0.6748327143425144,0.7021897810218978
incoming_call_count,tomorrow,evening,today_partial_only,9291,5480,648,648,0.381021897810219,0.6196377661208705,0.6059045428664521,0.604222579158534,0.6399635036496351
incoming_call_count,tomorrow,evening,history_plus_fingerprint,9291,5480,648,648,0.381021897810219,0.7435666747993928,0.6819611211265385,0.6797682624882527,0.7041970802919708
incoming_call_count,tomorrow,evening,history_fingerprint_plus_today,9291,5480,648,648,0.381021897810219,0.7469126703354299,0.6843155113464531,0.6820894780597122,0.7063868613138686
incoming_call_count,next_week,morning,calendar_only,8547,5012,556,556,0.5185554668794893,0.5425543823080923,0.46056037768701885,0.5119267874873612,0.5239425379090183
incoming_call_count,next_week,morning,recent_history_only,8547,5012,556,556,0.5185554668794893,0.8113554465702723,0.7421943108632822,0.7488878457030319,0.744413407821229
incoming_call_count,next_week,morning,fingerprint_42d_only,8547,5012,556,556,0.5185554668794893,0.8393659967085431,0.7625303632859044,0.7650002304115502,0.7627693535514765
incoming_call_count,next_week,morning,today_partial_only,8547,5012,556,556,0.5185554668794893,0.572148075058994,0.47274969567841,0.548414489490124,0.5349162011173184
incoming_call_count,next_week,morning,history_plus_fingerprint,8547,5012,556,556,0.5185554668794893,0.8443577154463597,0.7634197760420487,0.7662438946918759,0.7637669592976856
incoming_call_count,next_week,morning,history_fingerprint_plus_today,8547,5012,556,556,0.5185554668794893,0.8444270780929323,0.7626058300289358,0.7654743679508218,0.7629688747007183
incoming_call_count,next_week,afternoon,calendar_only,8547,5012,556,556,0.5185554668794893,0.5425543823080923,0.46056037768701885,0.5119267874873612,0.5239425379090183
incoming_call_count,next_week,afternoon,recent_history_only,8547,5012,556,556,0.5185554668794893,0.8113554465702723,0.7421943108632822,0.7488878457030319,0.744413407821229
incoming_call_count,next_week,afternoon,fingerprint_42d_only,8547,5012,556,556,0.5185554668794893,0.8393659967085431,0.7625303632859044,0.7650002304115502,0.7627693535514765
incoming_call_count,next_week,afternoon,today_partial_only,8547,5012,556,556,0.5185554668794893,0.6149916278488315,0.5689156478815889,0.6028104309301914,0.5931763766959298
incoming_call_count,next_week,afternoon,history_plus_fingerprint,8547,5012,556,556,0.5185554668794893,0.8443577154463597,0.7634197760420487,0.7662438946918759,0.7637669592976856
incoming_call_count,next_week,afternoon,history_fingerprint_plus_today,8547,5012,556,556,0.5185554668794893,0.8449499289391645,0.762417057520673,0.7652523277546099,0.7627693535514765
incoming_call_count,next_week,evening,calendar_only,8547,5012,556,556,0.5185554668794893,0.5425543823080923,0.46056037768701885,0.5119267874873612,0.5239425379090183
incoming_call_count,next_week,evening,recent_history_only,8547,5012,556,556,0.5185554668794893,0.8113554465702723,0.7421943108632822,0.7488878457030319,0.744413407821229
incoming_call_count,next_week,evening,fingerprint_42d_only,8547,5012,556,556,0.5185554668794893,0.8393659967085431,0.7625303632859044,0.7650002304115502,0.7627693535514765
incoming_call_count,next_week,evening,today_partial_only,8547,5012,556,556,0.5185554668794893,0.63732010159794,0.6006634392804117,0.6250221043606462,0.6167198723064645
incoming_call_count,next_week,evening,history_plus_fingerprint,8547,5012,556,556,0.5185554668794893,0.8443577154463597,0.7634197760420487,0.7662438946918759,0.7637669592976856
incoming_call_count,next_week,evening,history_fingerprint_plus_today,8547,5012,556,556,0.5185554668794893,0.8455746711213963,0.7644366443526904,0.7672058031181939,0.7647645650438947
outgoing_call_count,tomorrow,morning,calendar_only,9291,5480,648,648,0.3605839416058394,0.5220312846625257,0.5116447809006658,0.5150729992790195,0.5321167883211679
outgoing_call_count,tomorrow,morning,recent_history_only,9291,5480,648,648,0.3605839416058394,0.7448769509224854,0.684273598820059,0.6787286478841994,0.7208029197080292
outgoing_call_count,tomorrow,morning,fingerprint_42d_only,9291,5480,648,648,0.3605839416058394,0.7718101666343149,0.7011348108364903,0.6973256706043296,0.7304744525547445
outgoing_call_count,tomorrow,morning,today_partial_only,9291,5480,648,648,0.3605839416058394,0.5505261915820902,0.5400389129278301,0.5399144759950456,0.5875912408759124
outgoing_call_count,tomorrow,morning,history_plus_fingerprint,9291,5480,648,648,0.3605839416058394,0.7746810181077034,0.7038306981274065,0.7002974044700794,0.7322992700729927
outgoing_call_count,tomorrow,morning,history_fingerprint_plus_today,9291,5480,648,648,0.3605839416058394,0.7746972661666021,0.7035916935638384,0.7000443680328323,0.7321167883211679
outgoing_call_count,tomorrow,afternoon,calendar_only,9291,5480,648,648,0.3605839416058394,0.5220312846625257,0.5116447809006658,0.5150729992790195,0.5321167883211679
outgoing_call_count,tomorrow,afternoon,recent_history_only,9291,5480,648,648,0.3605839416058394,0.7448769509224854,0.684273598820059,0.6787286478841994,0.7208029197080292
outgoing_call_count,tomorrow,afternoon,fingerprint_42d_only,9291,5480,648,648,0.3605839416058394,0.7718101666343149,0.7011348108364903,0.6973256706043296,0.7304744525547445
outgoing_call_count,tomorrow,afternoon,today_partial_only,9291,5480,648,648,0.3605839416058394,0.6239508086767234,0.618136894298615,0.6153840376758546,0.6771897810218979
outgoing_call_count,tomorrow,afternoon,history_plus_fingerprint,9291,5480,648,648,0.3605839416058394,0.7746810181077034,0.7038306981274065,0.7002974044700794,0.7322992700729927
outgoing_call_count,tomorrow,afternoon,history_fingerprint_plus_today,9291,5480,648,648,0.3605839416058394,0.7757922409091751,0.7018118208140283,0.6983187519642098,0.7304744525547445
outgoing_call_count,tomorrow,evening,calendar_only,9291,5480,648,648,0.3605839416058394,0.5220312846625257,0.5116447809006658,0.5150729992790195,0.5321167883211679
outgoing_call_count,tomorrow,evening,recent_history_only,9291,5480,648,648,0.3605839416058394,0.7448769509224854,0.684273598820059,0.6787286478841994,0.7208029197080292
outgoing_call_count,tomorrow,evening,fingerprint_42d_only,9291,5480,648,648,0.3605839416058394,0.7718101666343149,0.7011348108364903,0.6973256706043296,0.7304744525547445
outgoing_call_count,tomorrow,evening,today_partial_only,9291,5480,648,648,0.3605839416058394,0.6616554764479692,0.6500508468107795,0.6455768306435213,0.6925182481751825
outgoing_call_count,tomorrow,evening,history_plus_fingerprint,9291,5480,648,648,0.3605839416058394,0.7746810181077034,0.7038306981274065,0.7002974044700794,0.7322992700729927
outgoing_call_count,tomorrow,evening,history_fingerprint_plus_today,9291,5480,648,648,0.3605839416058394,0.7776403312350951,0.7060318345772953,0.702763065461335,0.7337591240875913
outgoing_call_count,next_week,morning,calendar_only,8547,5012,556,556,0.5069832402234636,0.5329612565181528,0.37016554404978463,0.510121263404807,0.5167597765363129
outgoing_call_count,next_week,morning,recent_history_only,8547,5012,556,556,0.5069832402234636,0.8065780288656563,0.7298084163402774,0.7344641366016591,0.7328411811652035
outgoing_call_count,next_week,morning,fingerprint_42d_only,8547,5012,556,556,0.5069832402234636,0.8447738751811449,0.76278904111772,0.7635023573730759,0.7629688747007183
outgoing_call_count,next_week,morning,today_partial_only,8547,5012,556,556,0.5069832402234636,0.559693308175704,0.471262370866542,0.5188706906450918,0.5231444533120511
outgoing_call_count,next_week,morning,history_plus_fingerprint,8547,5012,556,556,0.5069832402234636,0.8472028382443746,0.7645508530524526,0.7653346310312574,0.7647645650438947
outgoing_call_count,next_week,morning,history_fingerprint_plus_today,8547,5012,556,556,0.5069832402234636,0.8471858764342484,0.7645508530524526,0.7653346310312574,0.7647645650438947
outgoing_call_count,next_week,afternoon,calendar_only,8547,5012,556,556,0.5069832402234636,0.5329612565181528,0.37016554404978463,0.510121263404807,0.5167597765363129
outgoing_call_count,next_week,afternoon,recent_history_only,8547,5012,556,556,0.5069832402234636,0.8065780288656563,0.7298084163402774,0.7344641366016591,0.7328411811652035
outgoing_call_count,next_week,afternoon,fingerprint_42d_only,8547,5012,556,556,0.5069832402234636,0.8447738751811449,0.76278904111772,0.7635023573730759,0.7629688747007183
outgoing_call_count,next_week,afternoon,today_partial_only,8547,5012,556,556,0.5069832402234636,0.619060041781796,0.5844809059483193,0.6122330326553865,0.6087390263367917
outgoing_call_count,next_week,afternoon,history_plus_fingerprint,8547,5012,556,556,0.5069832402234636,0.8472028382443746,0.7645508530524526,0.7653346310312574,0.7647645650438947
outgoing_call_count,next_week,afternoon,history_fingerprint_plus_today,8547,5012,556,556,0.5069832402234636,0.8476326967000599,0.7649210338172256,0.7657616227021327,0.7651636073423783
outgoing_call_count,next_week,evening,calendar_only,8547,5012,556,556,0.5069832402234636,0.5329612565181528,0.37016554404978463,0.510121263404807,0.5167597765363129
outgoing_call_count,next_week,evening,recent_history_only,8547,5012,556,556,0.5069832402234636,0.8065780288656563,0.7298084163402774,0.7344641366016591,0.7328411811652035
outgoing_call_count,next_week,evening,fingerprint_42d_only,8547,5012,556,556,0.5069832402234636,0.8447738751811449,0.76278904111772,0.7635023573730759,0.7629688747007183
outgoing_call_count,next_week,evening,today_partial_only,8547,5012,556,556,0.5069832402234636,0.6619738195655196,0.6319936689469473,0.6456041597684657,0.6430566640063847
outgoing_call_count,next_week,evening,history_plus_fingerprint,8547,5012,556,556,0.5069832402234636,0.8472028382443746,0.7645508530524526,0.7653346310312574,0.7647645650438947
outgoing_call_count,next_week,evening,history_fingerprint_plus_today,8547,5012,556,556,0.5069832402234636,0.848233447383589,0.7667503770473436,0.7675270047147461,0.7669592976855547
bluetooth_unique_devices,tomorrow,morning,calendar_only,14625,8336,694,694,0.43618042226487524,0.5576482222690353,0.3735971152652467,0.49996594340285094,0.5617802303262955
bluetooth_unique_devices,tomorrow,morning,recent_history_only,14625,8336,694,694,0.43618042226487524,0.8758252580577206,0.740934823487602,0.7391099641879082,0.7693138195777351
bluetooth_unique_devices,tomorrow,morning,fingerprint_42d_only,14625,8336,694,694,0.43618042226487524,0.881329436135103,0.7184854775071701,0.7206081033635279,0.7545585412667947
bluetooth_unique_devices,tomorrow,morning,today_partial_only,14625,8336,694,694,0.43618042226487524,0.7863295239098378,0.7016385249895485,0.7064986073075393,0.7418426103646834
bluetooth_unique_devices,tomorrow,morning,history_plus_fingerprint,14625,8336,694,694,0.43618042226487524,0.882309499566978,0.7418087465922383,0.7399169065842754,0.7701535508637236
bluetooth_unique_devices,tomorrow,morning,history_fingerprint_plus_today,14625,8336,694,694,0.43618042226487524,0.8833453584720173,0.7425712862898792,0.7406174660019194,0.7708733205374281
bluetooth_unique_devices,tomorrow,afternoon,calendar_only,14625,8336,694,694,0.43618042226487524,0.5576482222690353,0.3735971152652467,0.49996594340285094,0.5617802303262955
bluetooth_unique_devices,tomorrow,afternoon,recent_history_only,14625,8336,694,694,0.43618042226487524,0.8758252580577206,0.740934823487602,0.7391099641879082,0.7693138195777351
bluetooth_unique_devices,tomorrow,afternoon,fingerprint_42d_only,14625,8336,694,694,0.43618042226487524,0.881329436135103,0.7184854775071701,0.7206081033635279,0.7545585412667947
bluetooth_unique_devices,tomorrow,afternoon,today_partial_only,14625,8336,694,694,0.43618042226487524,0.834345844158884,0.7245088437436411,0.724844814268661,0.7565978886756238
bluetooth_unique_devices,tomorrow,afternoon,history_plus_fingerprint,14625,8336,694,694,0.43618042226487524,0.882309499566978,0.7418087465922383,0.7399169065842754,0.7701535508637236
bluetooth_unique_devices,tomorrow,afternoon,history_fingerprint_plus_today,14625,8336,694,694,0.43618042226487524,0.8829367378227185,0.7477517391236992,0.7450411956089226,0.774352207293666
bluetooth_unique_devices,tomorrow,evening,calendar_only,14625,8336,694,694,0.43618042226487524,0.5576482222690353,0.3735971152652467,0.49996594340285094,0.5617802303262955
bluetooth_unique_devices,tomorrow,evening,recent_history_only,14625,8336,694,694,0.43618042226487524,0.8758252580577206,0.740934823487602,0.7391099641879082,0.7693138195777351
bluetooth_unique_devices,tomorrow,evening,fingerprint_42d_only,14625,8336,694,694,0.43618042226487524,0.881329436135103,0.7184854775071701,0.7206081033635279,0.7545585412667947
bluetooth_unique_devices,tomorrow,evening,today_partial_only,14625,8336,694,694,0.43618042226487524,0.8479484118624628,0.7421839556600321,0.7400517285771131,0.7696737044145874
bluetooth_unique_devices,tomorrow,evening,history_plus_fingerprint,14625,8336,694,694,0.43618042226487524,0.882309499566978,0.7418087465922383,0.7399169065842754,0.7701535508637236
bluetooth_unique_devices,tomorrow,evening,history_fingerprint_plus_today,14625,8336,694,694,0.43618042226487524,0.8816326393277626,0.7580286126706697,0.7540391592350724,0.7815499040307101
bluetooth_unique_devices,next_week,morning,calendar_only,13767,7895,680,680,0.42267257758074733,0.5137104450571681,0.36919441583967233,0.49913586717620706,0.5756808106396454
bluetooth_unique_devices,next_week,morning,recent_history_only,13767,7895,680,680,0.42267257758074733,0.9308623392723466,0.8170227045882855,0.8073526865073255,0.8314122862571247
bluetooth_unique_devices,next_week,morning,fingerprint_42d_only,13767,7895,680,680,0.42267257758074733,0.9471128160953622,0.7864315357204936,0.7771496877787221,0.8107663077897403
bluetooth_unique_devices,next_week,morning,today_partial_only,13767,7895,680,680,0.42267257758074733,0.796010215879689,0.7428362453805578,0.7378503983485651,0.7742875237492084
bluetooth_unique_devices,next_week,morning,history_plus_fingerprint,13767,7895,680,680,0.42267257758074733,0.9361535132766856,0.8255106360094233,0.8157327400587744,0.83863204559848
bluetooth_unique_devices,next_week,morning,history_fingerprint_plus_today,13767,7895,680,680,0.42267257758074733,0.9360061764441739,0.8284612963823554,0.8188311527788936,0.8409119696010133
bluetooth_unique_devices,next_week,afternoon,calendar_only,13767,7895,680,680,0.42267257758074733,0.5137104450571681,0.36919441583967233,0.49913586717620706,0.5756808106396454
bluetooth_unique_devices,next_week,afternoon,recent_history_only,13767,7895,680,680,0.42267257758074733,0.9308623392723466,0.8170227045882855,0.8073526865073255,0.8314122862571247
bluetooth_unique_devices,next_week,afternoon,fingerprint_42d_only,13767,7895,680,680,0.42267257758074733,0.9471128160953622,0.7864315357204936,0.7771496877787221,0.8107663077897403
bluetooth_unique_devices,next_week,afternoon,today_partial_only,13767,7895,680,680,0.42267257758074733,0.8538711848734711,0.7773826046809167,0.7691634200185851,0.7993666877770741
bluetooth_unique_devices,next_week,afternoon,history_plus_fingerprint,13767,7895,680,680,0.42267257758074733,0.9361535132766856,0.8255106360094233,0.8157327400587744,0.83863204559848
bluetooth_unique_devices,next_week,afternoon,history_fingerprint_plus_today,13767,7895,680,680,0.42267257758074733,0.9346405987200828,0.8340938073869719,0.82479786714649,0.8453451551614947
bluetooth_unique_devices,next_week,evening,calendar_only,13767,7895,680,680,0.42267257758074733,0.5137104450571681,0.36919441583967233,0.49913586717620706,0.5756808106396454
bluetooth_unique_devices,next_week,evening,recent_history_only,13767,7895,680,680,0.42267257758074733,0.9308623392723466,0.8170227045882855,0.8073526865073255,0.8314122862571247
bluetooth_unique_devices,next_week,evening,fingerprint_42d_only,13767,7895,680,680,0.42267257758074733,0.9471128160953622,0.7864315357204936,0.7771496877787221,0.8107663077897403
bluetooth_unique_devices,next_week,evening,today_partial_only,13767,7895,680,680,0.42267257758074733,0.8701291567428527,0.7934456562028094,0.7845001915181584,0.8116529449018366
bluetooth_unique_devices,next_week,evening,history_plus_fingerprint,13767,7895,680,680,0.42267257758074733,0.9361535132766856,0.8255106360094233,0.8157327400587744,0.83863204559848
bluetooth_unique_devices,next_week,evening,history_fingerprint_plus_today,13767,7895,680,680,0.42267257758074733,0.9352997025781513,0.8368157024273555,0.8278374371780335,0.8473717542748576
wifi_unique_devices,tomorrow,morning,calendar_only,9527,5399,394,394,0.45563993332098535,0.48914825019294766,0.4661472823900569,0.4997545622785251,0.4810150027782923
wifi_unique_devices,tomorrow,morning,recent_history_only,9527,5399,394,394,0.45563993332098535,0.8592482786855768,0.7725321096469631,0.77043668412186,0.7775513984071124
wifi_unique_devices,tomorrow,morning,fingerprint_42d_only,9527,5399,394,394,0.45563993332098535,0.8404836001405269,0.7783659874245189,0.7761743527608804,0.7832932024448972
wifi_unique_devices,tomorrow,morning,today_partial_only,9527,5399,394,394,0.45563993332098535,0.686029759583067,0.6379090620545387,0.6382351029192497,0.6480829783293203
wifi_unique_devices,tomorrow,morning,history_plus_fingerprint,9527,5399,394,394,0.45563993332098535,0.8591382501099595,0.7894562594791925,0.7872297003847888,0.7938507130950176
wifi_unique_devices,tomorrow,morning,history_fingerprint_plus_today,9527,5399,394,394,0.45563993332098535,0.8589350672343061,0.7913706500618188,0.7893194825959828,0.7953324689757363
wifi_unique_devices,tomorrow,afternoon,calendar_only,9527,5399,394,394,0.45563993332098535,0.48914825019294766,0.4661472823900569,0.4997545622785251,0.4810150027782923
wifi_unique_devices,tomorrow,afternoon,recent_history_only,9527,5399,394,394,0.45563993332098535,0.8592482786855768,0.7725321096469631,0.77043668412186,0.7775513984071124
wifi_unique_devices,tomorrow,afternoon,fingerprint_42d_only,9527,5399,394,394,0.45563993332098535,0.8404836001405269,0.7783659874245189,0.7761743527608804,0.7832932024448972
wifi_unique_devices,tomorrow,afternoon,today_partial_only,9527,5399,394,394,0.45563993332098535,0.7923905315950063,0.7343933161736307,0.7327569800026004,0.7414335988145953
wifi_unique_devices,tomorrow,afternoon,history_plus_fingerprint,9527,5399,394,394,0.45563993332098535,0.8591382501099595,0.7894562594791925,0.7872297003847888,0.7938507130950176
wifi_unique_devices,tomorrow,afternoon,history_fingerprint_plus_today,9527,5399,394,394,0.45563993332098535,0.8621563941056218,0.7981589738905108,0.7962631778410332,0.8016299314687905
wifi_unique_devices,tomorrow,evening,calendar_only,9527,5399,394,394,0.45563993332098535,0.48914825019294766,0.4661472823900569,0.4997545622785251,0.4810150027782923
wifi_unique_devices,tomorrow,evening,recent_history_only,9527,5399,394,394,0.45563993332098535,0.8592482786855768,0.7725321096469631,0.77043668412186,0.7775513984071124
wifi_unique_devices,tomorrow,evening,fingerprint_42d_only,9527,5399,394,394,0.45563993332098535,0.8404836001405269,0.7783659874245189,0.7761743527608804,0.7832932024448972
wifi_unique_devices,tomorrow,evening,today_partial_only,9527,5399,394,394,0.45563993332098535,0.8290195354318293,0.7760980391335492,0.7744040061189996,0.7799592517132803
wifi_unique_devices,tomorrow,evening,history_plus_fingerprint,9527,5399,394,394,0.45563993332098535,0.8591382501099595,0.7894562594791925,0.7872297003847888,0.7938507130950176
wifi_unique_devices,tomorrow,evening,history_fingerprint_plus_today,9527,5399,394,394,0.45563993332098535,0.8657937686896433,0.7951219782464864,0.7934990470183708,0.7982959807371736
wifi_unique_devices,next_week,morning,calendar_only,8909,5078,394,394,0.47026388341866876,0.49192889789716865,0.48734496696492335,0.4952261306532663,0.4895628200078771
wifi_unique_devices,next_week,morning,recent_history_only,8909,5078,394,394,0.47026388341866876,0.9304750207045138,0.867519783938891,0.8665278063178345,0.8684521465143757
wifi_unique_devices,next_week,morning,fingerprint_42d_only,8909,5078,394,394,0.47026388341866876,0.9194338327324354,0.8540760954028065,0.8529224499199841,0.8552579755809374
wifi_unique_devices,next_week,morning,today_partial_only,8909,5078,394,394,0.47026388341866876,0.7137846138997341,0.656972890028839,0.6588732074249812,0.6664040961008271
wifi_unique_devices,next_week,morning,history_plus_fingerprint,8909,5078,394,394,0.47026388341866876,0.9306156712932693,0.8729407527967972,0.872465331614703,0.8735722725482473
wifi_unique_devices,next_week,morning,history_fingerprint_plus_today,8909,5078,394,394,0.47026388341866876,0.9314303082948822,0.8747799505901934,0.8744437802394873,0.8753446238676644
wifi_unique_devices,next_week,afternoon,calendar_only,8909,5078,394,394,0.47026388341866876,0.49192889789716865,0.48734496696492335,0.4952261306532663,0.4895628200078771
wifi_unique_devices,next_week,afternoon,recent_history_only,8909,5078,394,394,0.47026388341866876,0.9304750207045138,0.867519783938891,0.8665278063178345,0.8684521465143757
wifi_unique_devices,next_week,afternoon,fingerprint_42d_only,8909,5078,394,394,0.47026388341866876,0.9194338327324354,0.8540760954028065,0.8529224499199841,0.8552579755809374
wifi_unique_devices,next_week,afternoon,today_partial_only,8909,5078,394,394,0.47026388341866876,0.8238083229032399,0.7628377974932442,0.7618042193619896,0.7666404096100827
wifi_unique_devices,next_week,afternoon,history_plus_fingerprint,8909,5078,394,394,0.47026388341866876,0.9306156712932693,0.8729407527967972,0.872465331614703,0.8735722725482473
wifi_unique_devices,next_week,afternoon,history_fingerprint_plus_today,8909,5078,394,394,0.47026388341866876,0.9331193607442415,0.8747799505901934,0.8744437802394873,0.8753446238676644
wifi_unique_devices,next_week,evening,calendar_only,8909,5078,394,394,0.47026388341866876,0.49192889789716865,0.48734496696492335,0.4952261306532663,0.4895628200078771
wifi_unique_devices,next_week,evening,recent_history_only,8909,5078,394,394,0.47026388341866876,0.9304750207045138,0.867519783938891,0.8665278063178345,0.8684521465143757
wifi_unique_devices,next_week,evening,fingerprint_42d_only,8909,5078,394,394,0.47026388341866876,0.9194338327324354,0.8540760954028065,0.8529224499199841,0.8552579755809374
wifi_unique_devices,next_week,evening,today_partial_only,8909,5078,394,394,0.47026388341866876,0.8570477075588601,0.7884964290289049,0.7872972358695585,0.7910594722331626
wifi_unique_devices,next_week,evening,history_plus_fingerprint,8909,5078,394,394,0.47026388341866876,0.9306156712932693,0.8729407527967972,0.872465331614703,0.8735722725482473
wifi_unique_devices,next_week,evening,history_fingerprint_plus_today,8909,5078,394,394,0.47026388341866876,0.9352256947687632,0.8760057065540903,0.8757705815321963,0.8765261914139425
