target,horizon,issue_time,calendar_only,fingerprint_42d_only,history_fingerprint_plus_today,history_plus_fingerprint,recent_history_only,today_partial_only,lift_today_over_history_fingerprint,lift_history_fingerprint_over_calendar
active_duration,next_week,afternoon,0.6008361929751218,0.8974765062593226,0.9017991452714638,0.9009182908950367,0.8927056753861867,0.7551317013070726,0.0008808543764270427,0.3000820979199149
active_duration,next_week,evening,0.6008361929751218,0.8974765062593226,0.9025007062945669,0.9009182908950367,0.8927056753861867,0.7895680250940936,0.0015824153995301904,0.3000820979199149
active_duration,next_week,morning,0.6008361929751218,0.8974765062593226,0.9011242415741675,0.9009182908950367,0.8927056753861867,0.6910304659185675,0.00020595067913076193,0.3000820979199149
active_duration,tomorrow,afternoon,0.5709423369295905,0.8026978792175675,0.8080578094712784,0.8051553121641108,0.796744231963027,0.7186269657247544,0.0029024973071675175,0.23421297523452034
active_duration,tomorrow,evening,0.5709423369295905,0.8026978792175675,0.8112703363531372,0.8051553121641108,0.796744231963027,0.7526378248376508,0.006115024189026319,0.23421297523452034
active_duration,tomorrow,morning,0.5709423369295905,0.8026978792175675,0.8057835920654159,0.8051553121641108,0.796744231963027,0.6620881367544242,0.0006282799013050955,0.23421297523452034
bluetooth_unique_devices,next_week,afternoon,0.5137104450571681,0.9471128160953622,0.9346405987200828,0.9361535132766856,0.9308623392723466,0.8538711848734711,-0.0015129145566028512,0.4224430682195175
bluetooth_unique_devices,next_week,evening,0.5137104450571681,0.9471128160953622,0.9352997025781513,0.9361535132766856,0.9308623392723466,0.8701291567428527,-0.0008538106985342964,0.4224430682195175
bluetooth_unique_devices,next_week,morning,0.5137104450571681,0.9471128160953622,0.9360061764441739,0.9361535132766856,0.9308623392723466,0.796010215879689,-0.00014733683251166863,0.4224430682195175
bluetooth_unique_devices,tomorrow,afternoon,0.5576482222690353,0.881329436135103,0.8829367378227185,0.882309499566978,0.8758252580577206,0.834345844158884,0.0006272382557405143,0.3246612772979427
bluetooth_unique_devices,tomorrow,evening,0.5576482222690353,0.881329436135103,0.8816326393277626,0.882309499566978,0.8758252580577206,0.8479484118624628,-0.0006768602392154266,0.3246612772979427
bluetooth_unique_devices,tomorrow,morning,0.5576482222690353,0.881329436135103,0.8833453584720173,0.882309499566978,0.8758252580577206,0.7863295239098378,0.0010358589050393219,0.3246612772979427
incoming_call_count,next_week,afternoon,0.5425543823080923,0.8393659967085431,0.8449499289391645,0.8443577154463597,0.8113554465702723,0.6149916278488315,0.0005922134928048051,0.30180333313826746
incoming_call_count,next_week,evening,0.5425543823080923,0.8393659967085431,0.8455746711213963,0.8443577154463597,0.8113554465702723,0.63732010159794,0.0012169556750365462,0.30180333313826746
incoming_call_count,next_week,morning,0.5425543823080923,0.8393659967085431,0.8444270780929323,0.8443577154463597,0.8113554465702723,0.572148075058994,6.936264657253499e-05,0.30180333313826746
incoming_call_count,tomorrow,afternoon,0.5191229193775754,0.7424757458387552,0.7451363897699342,0.7435666747993928,0.7182833566019664,0.5951927117219693,0.0015697149705414803,0.22444375542181738
incoming_call_count,tomorrow,evening,0.5191229193775754,0.7424757458387552,0.7469126703354299,0.7435666747993928,0.7182833566019664,0.6196377661208705,0.003345995536037094,0.22444375542181738
incoming_call_count,tomorrow,morning,0.5191229193775754,0.7424757458387552,0.7442962904603123,0.7435666747993928,0.7182833566019664,0.5601018341556423,0.0007296156609195581,0.22444375542181738
location_distance,next_week,afternoon,0.48839546033039477,0.7695400419920946,0.7728234809628172,0.7728234809628172,0.7391913345578289,0.48839546033039477,0.0,0.2844280206324224
location_distance,next_week,evening,0.48839546033039477,0.7695400419920946,0.7728234809628172,0.7728234809628172,0.7391913345578289,0.48839546033039477,0.0,0.2844280206324224
location_distance,next_week,morning,0.48839546033039477,0.7695400419920946,0.7728234809628172,0.7728234809628172,0.7391913345578289,0.48839546033039477,0.0,0.2844280206324224
location_distance,tomorrow,afternoon,0.524795221931001,0.6985575820975707,0.6993848161157867,0.6993848161157867,0.626912652713365,0.524795221931001,0.0,0.1745895941847857
location_distance,tomorrow,evening,0.524795221931001,0.6985575820975707,0.6993848161157867,0.6993848161157867,0.626912652713365,0.524795221931001,0.0,0.1745895941847857
location_distance,tomorrow,morning,0.524795221931001,0.6985575820975707,0.6993848161157867,0.6993848161157867,0.626912652713365,0.524795221931001,0.0,0.1745895941847857
location_entropy,next_week,afternoon,0.59847498110121,0.8036329395670379,0.8063657931348969,0.803293259413147,0.7768163867727287,0.6741175676288909,0.0030725337217498705,0.204818278311937
location_entropy,next_week,evening,0.59847498110121,0.8036329395670379,0.8093785867578973,0.803293259413147,0.7768163867727287,0.6859532461092841,0.006085327344750313,0.204818278311937
location_entropy,next_week,morning,0.59847498110121,0.8036329395670379,0.803870405767811,0.803293259413147,0.7768163867727287,0.6351158609270423,0.0005771463546639932,0.204818278311937
location_entropy,tomorrow,afternoon,0.5534363408308193,0.7015220148724456,0.7165323978253376,0.7052466323084854,0.691078434381873,0.6557038749805534,0.01128576551685223,0.15181029147766611
location_entropy,tomorrow,evening,0.5534363408308193,0.7015220148724456,0.7315215706513615,0.7052466323084854,0.691078434381873,0.6934132880443901,0.026274938342876086,0.15181029147766611
location_entropy,tomorrow,morning,0.5534363408308193,0.7015220148724456,0.7072581149468765,0.7052466323084854,0.691078434381873,0.6032610260248733,0.0020114826383911266,0.15181029147766611
location_home_time,next_week,afternoon,0.48690130779264146,0.8413023263719268,0.8430907203358933,0.8430907203358933,0.8230004323122868,0.48690130779264146,0.0,0.3561894125432518
location_home_time,next_week,evening,0.48690130779264146,0.8413023263719268,0.8430907203358933,0.8430907203358933,0.8230004323122868,0.48690130779264146,0.0,0.3561894125432518
location_home_time,next_week,morning,0.48690130779264146,0.8413023263719268,0.8430907203358933,0.8430907203358933,0.8230004323122868,0.48690130779264146,0.0,0.3561894125432518
location_home_time,tomorrow,afternoon,0.5220720108173496,0.7848100667097484,0.8074411256760103,0.8074411256760103,0.7953983103508012,0.5220720108173496,0.0,0.2853691148586608
location_home_time,tomorrow,evening,0.5220720108173496,0.7848100667097484,0.8074411256760103,0.8074411256760103,0.7953983103508012,0.5220720108173496,0.0,0.2853691148586608
location_home_time,tomorrow,morning,0.5220720108173496,0.7848100667097484,0.8074411256760103,0.8074411256760103,0.7953983103508012,0.5220720108173496,0.0,0.2853691148586608
outgoing_call_count,next_week,afternoon,0.5329612565181528,0.8447738751811449,0.8476326967000599,0.8472028382443746,0.8065780288656563,0.619060041781796,0.000429858455685328,0.31424158172622174
outgoing_call_count,next_week,evening,0.5329612565181528,0.8447738751811449,0.848233447383589,0.8472028382443746,0.8065780288656563,0.6619738195655196,0.001030609139214378,0.31424158172622174
outgoing_call_count,next_week,morning,0.5329612565181528,0.8447738751811449,0.8471858764342484,0.8472028382443746,0.8065780288656563,0.559693308175704,-1.6961810126225885e-05,0.31424158172622174
outgoing_call_count,tomorrow,afternoon,0.5220312846625257,0.7718101666343149,0.7757922409091751,0.7746810181077034,0.7448769509224854,0.6239508086767234,0.0011112228014716896,0.2526497334451777
outgoing_call_count,tomorrow,evening,0.5220312846625257,0.7718101666343149,0.7776403312350951,0.7746810181077034,0.7448769509224854,0.6616554764479692,0.0029593131273917272,0.2526497334451777
outgoing_call_count,tomorrow,morning,0.5220312846625257,0.7718101666343149,0.7746972661666021,0.7746810181077034,0.7448769509224854,0.5505261915820902,1.624805889866021e-05,0.2526497334451777
screen_unlock_count,next_week,afternoon,0.5130668426898126,0.9322969514124078,0.9379405565819006,0.936234738916499,0.9264664403381508,0.8299587377277949,0.0017058176654015655,0.4231678962266864
screen_unlock_count,next_week,evening,0.5130668426898126,0.9322969514124078,0.9395444305518845,0.936234738916499,0.9264664403381508,0.8688760858222396,0.0033096916353855255,0.4231678962266864
screen_unlock_count,next_week,morning,0.5130668426898126,0.9322969514124078,0.9368378555669832,0.936234738916499,0.9264664403381508,0.711374308928838,0.0006031166504841812,0.4231678962266864
screen_unlock_count,tomorrow,afternoon,0.5410589423939194,0.8665483552130775,0.8780730552942586,0.8736495718786228,0.868912412775728,0.8063869333375332,0.004423483415635809,0.3325906294847034
screen_unlock_count,tomorrow,evening,0.5410589423939194,0.8665483552130775,0.8840448485837702,0.8736495718786228,0.868912412775728,0.8470379660929588,0.010395276705147394,0.3325906294847034
screen_unlock_count,tomorrow,morning,0.5410589423939194,0.8665483552130775,0.8742237093480366,0.8736495718786228,0.868912412775728,0.6932652195348007,0.0005741374694138157,0.3325906294847034
screen_unlock_duration,next_week,afternoon,0.5104302950118246,0.9100132523085172,0.9177997404085771,0.916570567656458,0.9099206306996996,0.7532067504679492,0.0012291727521192009,0.40614027264463337
screen_unlock_duration,next_week,evening,0.5104302950118246,0.9100132523085172,0.9187217563413483,0.916570567656458,0.9099206306996996,0.7983940951269741,0.0021511886848903927,0.40614027264463337
screen_unlock_duration,next_week,morning,0.5104302950118246,0.9100132523085172,0.9172379014387169,0.916570567656458,0.9099206306996996,0.6541159204708755,0.0006673337822589165,0.40614027264463337
screen_unlock_duration,tomorrow,afternoon,0.5008293120085616,0.8187038080466078,0.8295007772436309,0.8285791978815282,0.8259451897191856,0.7068587207230146,0.0009215793621026869,0.3277498858729666
screen_unlock_duration,tomorrow,evening,0.5008293120085616,0.8187038080466078,0.8327290166578847,0.8285791978815282,0.8259451897191856,0.7545204818777308,0.004149818776356451,0.3277498858729666
screen_unlock_duration,tomorrow,morning,0.5008293120085616,0.8187038080466078,0.8286943239426623,0.8285791978815282,0.8259451897191856,0.6133278586609716,0.0001151260611340632,0.3277498858729666
sedentary_duration,next_week,afternoon,0.5992396648230272,0.8966743069742721,0.9010221402826915,0.9001603634128921,0.8918536050625342,0.7454964539007092,0.00086177686979938,0.3009206985898649
sedentary_duration,next_week,evening,0.5992396648230272,0.8966743069742721,0.90174348497683,0.9001603634128921,0.8918536050625342,0.7810760791934492,0.001583121563937917,0.3009206985898649
sedentary_duration,next_week,morning,0.5992396648230272,0.8966743069742721,0.9003845898317473,0.9001603634128921,0.8918536050625342,0.6887336190144003,0.00022422641885522232,0.3009206985898649
sedentary_duration,tomorrow,afternoon,0.5688356030193582,0.8032074390253668,0.8087334528476946,0.8056963761293134,0.7973087889389345,0.7146178238471191,0.0030370767183811598,0.23686077310995524
sedentary_duration,tomorrow,evening,0.5688356030193582,0.8032074390253668,0.8120689817902672,0.8056963761293134,0.7973087889389345,0.7493457146436362,0.006372605660953767,0.23686077310995524
sedentary_duration,tomorrow,morning,0.5688356030193582,0.8032074390253668,0.8063905242348355,0.8056963761293134,0.7973087889389345,0.6623213648318886,0.0006941481055220411,0.23686077310995524
significant_places,next_week,afternoon,0.6290251488685507,0.8280460990356737,0.8306988049375937,0.8279562290051179,0.8026966729168689,0.6977494322348069,0.0027425759324758436,0.19893108013656724
significant_places,next_week,evening,0.6290251488685507,0.8280460990356737,0.8329415407001239,0.8279562290051179,0.8026966729168689,0.7073573305014923,0.004985311695006045,0.19893108013656724
significant_places,next_week,morning,0.6290251488685507,0.8280460990356737,0.8284281291655639,0.8279562290051179,0.8026966729168689,0.6505690961934928,0.0004719001604459594,0.19893108013656724
significant_places,tomorrow,afternoon,0.5534363408308193,0.7029291042215112,0.7137218176992932,0.7050289306130479,0.6914748016066695,0.6526609843862962,0.008692887086245271,0.15159258978222867
significant_places,tomorrow,evening,0.5534363408308193,0.7029291042215112,0.7262133670127906,0.7050289306130479,0.6914748016066695,0.6877204661614112,0.021184436399742657,0.15159258978222867
significant_places,tomorrow,morning,0.5534363408308193,0.7029291042215112,0.7060036908480543,0.7050289306130479,0.6914748016066695,0.6009877532250831,0.0009747602350063111,0.15159258978222867
sleep_duration,next_week,afternoon,0.5291576540154996,0.8183242284451465,0.8180505658975663,0.8180505658975663,0.7987426061866967,0.5291576540154996,0.0,0.28889291188206667
sleep_duration,next_week,evening,0.5291576540154996,0.8183242284451465,0.8180505658975663,0.8180505658975663,0.7987426061866967,0.5291576540154996,0.0,0.28889291188206667
sleep_duration,next_week,morning,0.5291576540154996,0.8183242284451465,0.8180505658975663,0.8180505658975663,0.7987426061866967,0.5291576540154996,0.0,0.28889291188206667
sleep_duration,tomorrow,afternoon,0.5449827810578587,0.7088842996565363,0.7100616038350256,0.7100616038350256,0.6985409444091101,0.5449827810578587,0.0,0.1650788227771669
sleep_duration,tomorrow,evening,0.5449827810578587,0.7088842996565363,0.7100616038350256,0.7100616038350256,0.6985409444091101,0.5449827810578587,0.0,0.1650788227771669
sleep_duration,tomorrow,morning,0.5449827810578587,0.7088842996565363,0.7100616038350256,0.7100616038350256,0.6985409444091101,0.5449827810578587,0.0,0.1650788227771669
sleep_efficiency,next_week,afternoon,0.5843681796270359,0.900364243500837,0.9013149204614035,0.9013149204614035,0.8821686745844672,0.5843681796270359,0.0,0.3169467408343676
sleep_efficiency,next_week,evening,0.5843681796270359,0.900364243500837,0.9013149204614035,0.9013149204614035,0.8821686745844672,0.5843681796270359,0.0,0.3169467408343676
sleep_efficiency,next_week,morning,0.5843681796270359,0.900364243500837,0.9013149204614035,0.9013149204614035,0.8821686745844672,0.5843681796270359,0.0,0.3169467408343676
sleep_efficiency,tomorrow,afternoon,0.5468674326639855,0.7813697497734224,0.7818824699784752,0.7818824699784752,0.7695948421745781,0.5468674326639855,0.0,0.2350150373144897
sleep_efficiency,tomorrow,evening,0.5468674326639855,0.7813697497734224,0.7818824699784752,0.7818824699784752,0.7695948421745781,0.5468674326639855,0.0,0.2350150373144897
sleep_efficiency,tomorrow,morning,0.5468674326639855,0.7813697497734224,0.7818824699784752,0.7818824699784752,0.7695948421745781,0.5468674326639855,0.0,0.2350150373144897
sleep_in_bed,next_week,afternoon,0.5139185444047482,0.8022900570786362,0.8021881644356883,0.8021881644356883,0.781672153458104,0.5139185444047482,0.0,0.28826962003094014
sleep_in_bed,next_week,evening,0.5139185444047482,0.8022900570786362,0.8021881644356883,0.8021881644356883,0.781672153458104,0.5139185444047482,0.0,0.28826962003094014
sleep_in_bed,next_week,morning,0.5139185444047482,0.8022900570786362,0.8021881644356883,0.8021881644356883,0.781672153458104,0.5139185444047482,0.0,0.28826962003094014
sleep_in_bed,tomorrow,afternoon,0.5411823712837218,0.7021467102992172,0.7033656781558825,0.7033656781558825,0.6908572030396372,0.5411823712837218,0.0,0.16218330687216065
sleep_in_bed,tomorrow,evening,0.5411823712837218,0.7021467102992172,0.7033656781558825,0.7033656781558825,0.6908572030396372,0.5411823712837218,0.0,0.16218330687216065
sleep_in_bed,tomorrow,morning,0.5411823712837218,0.7021467102992172,0.7033656781558825,0.7033656781558825,0.6908572030396372,0.5411823712837218,0.0,0.16218330687216065
steps_sum,next_week,afternoon,0.687695065532713,0.9223727879001499,0.9245549959127742,0.924002028074979,0.9155483920393238,0.7805038829060899,0.0005529678377952374,0.23630696254226602
steps_sum,next_week,evening,0.687695065532713,0.9223727879001499,0.9251228369651396,0.924002028074979,0.9155483920393238,0.8108233047152744,0.0011208088901606406,0.23630696254226602
steps_sum,next_week,morning,0.687695065532713,0.9223727879001499,0.9242070125461797,0.924002028074979,0.9155483920393238,0.7351514217879133,0.00020498447120065322,0.23630696254226602
steps_sum,tomorrow,afternoon,0.6405423417991057,0.8237491367182412,0.8274041190780586,0.825597142231808,0.8188237667204328,0.7383532193708489,0.0018069768462505298,0.18505480043270228
steps_sum,tomorrow,evening,0.6405423417991057,0.8237491367182412,0.8287888008607155,0.825597142231808,0.8188237667204328,0.764738976905149,0.0031916586289074678,0.18505480043270228
steps_sum,tomorrow,morning,0.6405423417991057,0.8237491367182412,0.8265426600214523,0.825597142231808,0.8188237667204328,0.7051731073811716,0.0009455177896442457,0.18505480043270228
wifi_unique_devices,next_week,afternoon,0.49192889789716865,0.9194338327324354,0.9331193607442415,0.9306156712932693,0.9304750207045138,0.8238083229032399,0.002503689450972235,0.4386867733961006
wifi_unique_devices,next_week,evening,0.49192889789716865,0.9194338327324354,0.9352256947687632,0.9306156712932693,0.9304750207045138,0.8570477075588601,0.004610023475493885,0.4386867733961006
wifi_unique_devices,next_week,morning,0.49192889789716865,0.9194338327324354,0.9314303082948822,0.9306156712932693,0.9304750207045138,0.7137846138997341,0.0008146370016128834,0.4386867733961006
wifi_unique_devices,tomorrow,afternoon,0.48914825019294766,0.8404836001405269,0.8621563941056218,0.8591382501099595,0.8592482786855768,0.7923905315950063,0.003018143995662359,0.3699899999170118
wifi_unique_devices,tomorrow,evening,0.48914825019294766,0.8404836001405269,0.8657937686896433,0.8591382501099595,0.8592482786855768,0.8290195354318293,0.006655518579683828,0.3699899999170118
wifi_unique_devices,tomorrow,morning,0.48914825019294766,0.8404836001405269,0.8589350672343061,0.8591382501099595,0.8592482786855768,0.686029759583067,-0.00020318287565335158,0.3699899999170118
