target,horizon,issue_time,model,n_train,n_test,n_train_users,n_test_users,r2,mae_log,pearson_r
screen_unlock_count,tomorrow,morning,calendar_only,16216,9187,695,695,-0.012492771895589394,0.6309686836020982,0.04374108455644858
screen_unlock_count,tomorrow,morning,recent_history_only,16216,9187,695,695,0.33179050825022305,0.4544101746951337,0.5865808515942647
screen_unlock_count,tomorrow,morning,fingerprint_42d_only,16216,9187,695,695,0.3123527919689746,0.4610438911116359,0.5704348769500727
screen_unlock_count,tomorrow,morning,today_partial_only,16216,9187,695,695,0.11142087995993977,0.5754178705926797,0.35594100071880175
screen_unlock_count,tomorrow,morning,history_plus_fingerprint,16216,9187,695,695,0.3352138823276013,0.45435139875404834,0.5884392772821738
screen_unlock_count,tomorrow,morning,history_fingerprint_plus_today,16216,9187,695,695,0.3373106062200134,0.45372380199392576,0.590369512194226
screen_unlock_count,tomorrow,afternoon,calendar_only,16216,9187,695,695,-0.012492771895589394,0.6309686836020982,0.04374108455644858
screen_unlock_count,tomorrow,afternoon,recent_history_only,16216,9187,695,695,0.33179050825022305,0.4544101746951337,0.5865808515942647
screen_unlock_count,tomorrow,afternoon,fingerprint_42d_only,16216,9187,695,695,0.3123527919689746,0.4610438911116359,0.5704348769500727
screen_unlock_count,tomorrow,afternoon,today_partial_only,16216,9187,695,695,0.2366800012468694,0.5113681949736517,0.5012343233805832
screen_unlock_count,tomorrow,afternoon,history_plus_fingerprint,16216,9187,695,695,0.3352138823276013,0.45435139875404834,0.5884392772821738
screen_unlock_count,tomorrow,afternoon,history_fingerprint_plus_today,16216,9187,695,695,0.3459342123823179,0.4513778101624237,0.5974194945262421
screen_unlock_count,tomorrow,evening,calendar_only,16216,9187,695,695,-0.012492771895589394,0.6309686836020982,0.04374108455644858
screen_unlock_count,tomorrow,evening,recent_history_only,16216,9187,695,695,0.33179050825022305,0.4544101746951337,0.5865808515942647
screen_unlock_count,tomorrow,evening,fingerprint_42d_only,16216,9187,695,695,0.3123527919689746,0.4610438911116359,0.5704348769500727
screen_unlock_count,tomorrow,evening,today_partial_only,16216,9187,695,695,0.28894818151331225,0.47720594054508164,0.5536947260324361
screen_unlock_count,tomorrow,evening,history_plus_fingerprint,16216,9187,695,695,0.3352138823276013,0.45435139875404834,0.5884392772821738
screen_unlock_count,tomorrow,evening,history_fingerprint_plus_today,16216,9187,695,695,0.35544000231417294,0.44553990674915844,0.6062868417901766
screen_unlock_count,next_week,morning,calendar_only,15044,8576,695,695,-0.001041472741336813,0.46327684069283676,0.03219573902062946
screen_unlock_count,next_week,morning,recent_history_only,15044,8576,695,695,0.6313500986729488,0.25409501002665413,0.7951660620319481
screen_unlock_count,next_week,morning,fingerprint_42d_only,15044,8576,695,695,0.6301985058874486,0.25330557058787534,0.7957150783543758
screen_unlock_count,next_week,morning,today_partial_only,15044,8576,695,695,0.2115453396877175,0.40770094358582404,0.4627530804163751
screen_unlock_count,next_week,morning,history_plus_fingerprint,15044,8576,695,695,0.6462230822754185,0.24853355790680948,0.8048785795415737
screen_unlock_count,next_week,morning,history_fingerprint_plus_today,15044,8576,695,695,0.6477856832446356,0.24804498318106355,0.8059009975325633
screen_unlock_count,next_week,afternoon,calendar_only,15044,8576,695,695,-0.001041472741336813,0.46327684069283676,0.03219573902062946
screen_unlock_count,next_week,afternoon,recent_history_only,15044,8576,695,695,0.6313500986729488,0.25409501002665413,0.7951660620319481
screen_unlock_count,next_week,afternoon,fingerprint_42d_only,15044,8576,695,695,0.6301985058874486,0.25330557058787534,0.7957150783543758
screen_unlock_count,next_week,afternoon,today_partial_only,15044,8576,695,695,0.4087908890426023,0.3436363361577624,0.6410843008146909
screen_unlock_count,next_week,afternoon,history_plus_fingerprint,15044,8576,695,695,0.6462230822754185,0.24853355790680948,0.8048785795415737
screen_unlock_count,next_week,afternoon,history_fingerprint_plus_today,15044,8576,695,695,0.6519970201014273,0.24657756701142916,0.808472980799639
screen_unlock_count,next_week,evening,calendar_only,15044,8576,695,695,-0.001041472741336813,0.46327684069283676,0.03219573902062946
screen_unlock_count,next_week,evening,recent_history_only,15044,8576,695,695,0.6313500986729488,0.25409501002665413,0.7951660620319481
screen_unlock_count,next_week,evening,fingerprint_42d_only,15044,8576,695,695,0.6301985058874486,0.25330557058787534,0.7957150783543758
screen_unlock_count,next_week,evening,today_partial_only,15044,8576,695,695,0.4888734556184139,0.31337965776986826,0.701335340524934
screen_unlock_count,next_week,evening,history_plus_fingerprint,15044,8576,695,695,0.6462230822754185,0.24853355790680948,0.8048785795415737
screen_unlock_count,next_week,evening,history_fingerprint_plus_today,15044,8576,695,695,0.6560383783416385,0.24517733117796522,0.8110795227409447
screen_unlock_duration,tomorrow,morning,calendar_only,16216,9187,695,695,-0.026420401398877136,0.5652865235582755,-0.021057738422665503
screen_unlock_duration,tomorrow,morning,recent_history_only,16216,9187,695,695,0.25248210906926116,0.44493326838689706,0.5115916949497383
screen_unlock_duration,tomorrow,morning,fingerprint_42d_only,16216,9187,695,695,0.2358482219967768,0.4500219006332833,0.4956673877341301
screen_unlock_duration,tomorrow,morning,today_partial_only,16216,9187,695,695,-0.018208370465598422,0.5563383207699392,0.10335041817129753
screen_unlock_duration,tomorrow,morning,history_plus_fingerprint,16216,9187,695,695,0.25657183610431455,0.4435659525186153,0.51483540529785
screen_unlock_duration,tomorrow,morning,history_fingerprint_plus_today,16216,9187,695,695,0.2562040301271413,0.4435129029124426,0.5145372459834694
screen_unlock_duration,tomorrow,afternoon,calendar_only,16216,9187,695,695,-0.026420401398877136,0.5652865235582755,-0.021057738422665503
screen_unlock_duration,tomorrow,afternoon,recent_history_only,16216,9187,695,695,0.25248210906926116,0.44493326838689706,0.5115916949497383
screen_unlock_duration,tomorrow,afternoon,fingerprint_42d_only,16216,9187,695,695,0.2358482219967768,0.4500219006332833,0.4956673877341301
screen_unlock_duration,tomorrow,afternoon,today_partial_only,16216,9187,695,695,0.04249900342957402,0.5258034575391163,0.25698638871702495
screen_unlock_duration,tomorrow,afternoon,history_plus_fingerprint,16216,9187,695,695,0.25657183610431455,0.4435659525186153,0.51483540529785
screen_unlock_duration,tomorrow,afternoon,history_fingerprint_plus_today,16216,9187,695,695,0.25705979904230836,0.4427274930861326,0.5152881062595703
screen_unlock_duration,tomorrow,evening,calendar_only,16216,9187,695,695,-0.026420401398877136,0.5652865235582755,-0.021057738422665503
screen_unlock_duration,tomorrow,evening,recent_history_only,16216,9187,695,695,0.25248210906926116,0.44493326838689706,0.5115916949497383
screen_unlock_duration,tomorrow,evening,fingerprint_42d_only,16216,9187,695,695,0.2358482219967768,0.4500219006332833,0.4956673877341301
screen_unlock_duration,tomorrow,evening,today_partial_only,16216,9187,695,695,0.07295199041853762,0.505885633890474,0.31021221087859246
screen_unlock_duration,tomorrow,evening,history_plus_fingerprint,16216,9187,695,695,0.25657183610431455,0.4435659525186153,0.51483540529785
screen_unlock_duration,tomorrow,evening,history_fingerprint_plus_today,16216,9187,695,695,0.25842246550929127,0.4408823702268508,0.5169121411535184
screen_unlock_duration,next_week,morning,calendar_only,15044,8576,695,695,-0.01622986726019593,0.3824972677554868,0.004706631329028311
screen_unlock_duration,next_week,morning,recent_history_only,15044,8576,695,695,0.6025152677800364,0.2209135333187868,0.776810750453768
screen_unlock_duration,next_week,morning,fingerprint_42d_only,15044,8576,695,695,0.5828282023381753,0.22462397763837855,0.7648941087665868
screen_unlock_duration,next_week,morning,today_partial_only,15044,8576,695,695,0.024040239104690553,0.36876176393381105,0.2162947908390335
screen_unlock_duration,next_week,morning,history_plus_fingerprint,15044,8576,695,695,0.6075486743402811,0.2183316241170393,0.7803315892097648
screen_unlock_duration,next_week,morning,history_fingerprint_plus_today,15044,8576,695,695,0.6081314945804726,0.21820241060840487,0.7807535615829518
screen_unlock_duration,next_week,afternoon,calendar_only,15044,8576,695,695,-0.01622986726019593,0.3824972677554868,0.004706631329028311
screen_unlock_duration,next_week,afternoon,recent_history_only,15044,8576,695,695,0.6025152677800364,0.2209135333187868,0.776810750453768
screen_unlock_duration,next_week,afternoon,fingerprint_42d_only,15044,8576,695,695,0.5828282023381753,0.22462397763837855,0.7648941087665868
screen_unlock_duration,next_week,afternoon,today_partial_only,15044,8576,695,695,0.14803034083512567,0.33466806715957254,0.41466642273208926
screen_unlock_duration,next_week,afternoon,history_plus_fingerprint,15044,8576,695,695,0.6075486743402811,0.2183316241170393,0.7803315892097648
screen_unlock_duration,next_week,afternoon,history_fingerprint_plus_today,15044,8576,695,695,0.610484396020222,0.21720821175079275,0.7823136367144135
screen_unlock_duration,next_week,evening,calendar_only,15044,8576,695,695,-0.01622986726019593,0.3824972677554868,0.004706631329028311
screen_unlock_duration,next_week,evening,recent_history_only,15044,8576,695,695,0.6025152677800364,0.2209135333187868,0.776810750453768
screen_unlock_duration,next_week,evening,fingerprint_42d_only,15044,8576,695,695,0.5828282023381753,0.22462397763837855,0.7648941087665868
screen_unlock_duration,next_week,evening,today_partial_only,15044,8576,695,695,0.2048686452673779,0.3167285293865303,0.4777360581380129
screen_unlock_duration,next_week,evening,history_plus_fingerprint,15044,8576,695,695,0.6075486743402811,0.2183316241170393,0.7803315892097648
screen_unlock_duration,next_week,evening,history_fingerprint_plus_today,15044,8576,695,695,0.6130440965323072,0.21622286893348533,0.7839999872053548
steps_sum,tomorrow,morning,calendar_only,13095,7481,639,639,-0.005356660309415062,0.8070894458682815,0.20475617372256041
steps_sum,tomorrow,morning,recent_history_only,13095,7481,639,639,0.279207132771378,0.6038637466710924,0.529067347009458
steps_sum,tomorrow,morning,fingerprint_42d_only,13095,7481,639,639,0.2882766616630491,0.5966250981977244,0.5392090065609915
steps_sum,tomorrow,morning,today_partial_only,13095,7481,639,639,0.0832579569335754,0.748514865517572,0.3134298462203726
steps_sum,tomorrow,morning,history_plus_fingerprint,13095,7481,639,639,0.29082693825186656,0.5947086594584858,0.5411030087495059
steps_sum,tomorrow,morning,history_fingerprint_plus_today,13095,7481,639,639,0.29225964413598715,0.5936784381297996,0.5423301244967123
steps_sum,tomorrow,afternoon,calendar_only,13095,7481,639,639,-0.005356660309415062,0.8070894458682815,0.20475617372256041
steps_sum,tomorrow,afternoon,recent_history_only,13095,7481,639,639,0.279207132771378,0.6038637466710924,0.529067347009458
steps_sum,tomorrow,afternoon,fingerprint_42d_only,13095,7481,639,639,0.2882766616630491,0.5966250981977244,0.5392090065609915
steps_sum,tomorrow,afternoon,today_partial_only,13095,7481,639,639,0.1381251411330432,0.703509848110013,0.3800987076974214
steps_sum,tomorrow,afternoon,history_plus_fingerprint,13095,7481,639,639,0.29082693825186656,0.5947086594584858,0.5411030087495059
steps_sum,tomorrow,afternoon,history_fingerprint_plus_today,13095,7481,639,639,0.294541655066488,0.5916507650863714,0.5443362035701902
steps_sum,tomorrow,evening,calendar_only,13095,7481,639,639,-0.005356660309415062,0.8070894458682815,0.20475617372256041
steps_sum,tomorrow,evening,recent_history_only,13095,7481,639,639,0.279207132771378,0.6038637466710924,0.529067347009458
steps_sum,tomorrow,evening,fingerprint_42d_only,13095,7481,639,639,0.2882766616630491,0.5966250981977244,0.5392090065609915
steps_sum,tomorrow,evening,today_partial_only,13095,7481,639,639,0.18404173828908943,0.6744856501693646,0.4323447957626479
steps_sum,tomorrow,evening,history_plus_fingerprint,13095,7481,639,639,0.29082693825186656,0.5947086594584858,0.5411030087495059
steps_sum,tomorrow,evening,history_fingerprint_plus_today,13095,7481,639,639,0.2987254954038613,0.588941837401372,0.5479242139193936
steps_sum,next_week,morning,calendar_only,12085,6941,636,636,-0.07740679131433592,0.5419978423983794,0.2565301437669905
steps_sum,next_week,morning,recent_history_only,12085,6941,636,636,0.6254680521002809,0.29615747730432773,0.794256747121695
steps_sum,next_week,morning,fingerprint_42d_only,12085,6941,636,636,0.6503764423835003,0.28478325269310767,0.8106257967215884
steps_sum,next_week,morning,today_partial_only,12085,6941,636,636,0.09610613897541154,0.4871376500173951,0.4087145167831023
steps_sum,next_week,morning,history_plus_fingerprint,12085,6941,636,636,0.656040229094113,0.2821773982885139,0.8133368963754027
steps_sum,next_week,morning,history_fingerprint_plus_today,12085,6941,636,636,0.6572514451110394,0.28147611051602667,0.8139268645388982
steps_sum,next_week,afternoon,calendar_only,12085,6941,636,636,-0.07740679131433592,0.5419978423983794,0.2565301437669905
steps_sum,next_week,afternoon,recent_history_only,12085,6941,636,636,0.6254680521002809,0.29615747730432773,0.794256747121695
steps_sum,next_week,afternoon,fingerprint_42d_only,12085,6941,636,636,0.6503764423835003,0.28478325269310767,0.8106257967215884
steps_sum,next_week,afternoon,today_partial_only,12085,6941,636,636,0.22452780225509394,0.4439326382556988,0.5205929743294594
steps_sum,next_week,afternoon,history_plus_fingerprint,12085,6941,636,636,0.656040229094113,0.2821773982885139,0.8133368963754027
steps_sum,next_week,afternoon,history_fingerprint_plus_today,12085,6941,636,636,0.6588750667833903,0.28059577900098226,0.8148420860829342
steps_sum,next_week,evening,calendar_only,12085,6941,636,636,-0.07740679131433592,0.5419978423983794,0.2565301437669905
steps_sum,next_week,evening,recent_history_only,12085,6941,636,636,0.6254680521002809,0.29615747730432773,0.794256747121695
steps_sum,next_week,evening,fingerprint_42d_only,12085,6941,636,636,0.6503764423835003,0.28478325269310767,0.8106257967215884
steps_sum,next_week,evening,today_partial_only,12085,6941,636,636,0.31040297026794406,0.4160936900644653,0.5870550740707957
steps_sum,next_week,evening,history_plus_fingerprint,12085,6941,636,636,0.656040229094113,0.2821773982885139,0.8133368963754027
steps_sum,next_week,evening,history_fingerprint_plus_today,12085,6941,636,636,0.660435991333526,0.2799979353977462,0.81573018260461
active_duration,tomorrow,morning,calendar_only,13091,7481,639,639,-0.004126803919803468,0.5993419572960483,0.10962007054560079
active_duration,tomorrow,morning,recent_history_only,13091,7481,639,639,0.2409196419284242,0.4674737523536008,0.49248118787097184
active_duration,tomorrow,morning,fingerprint_42d_only,13091,7481,639,639,0.25409095144024907,0.4617101470118681,0.5063527852861456
active_duration,tomorrow,morning,today_partial_only,13091,7481,639,639,0.06577831561115688,0.5630166910604737,0.265603926591691
active_duration,tomorrow,morning,history_plus_fingerprint,13091,7481,639,639,0.25637009164469426,0.4602462912689112,0.5082675479299813
active_duration,tomorrow,morning,history_fingerprint_plus_today,13091,7481,639,639,0.25742976148024843,0.4595224322621062,0.5093194867634843
active_duration,tomorrow,afternoon,calendar_only,13091,7481,639,639,-0.004126803919803468,0.5993419572960483,0.10962007054560079
active_duration,tomorrow,afternoon,recent_history_only,13091,7481,639,639,0.2409196419284242,0.4674737523536008,0.49248118787097184
active_duration,tomorrow,afternoon,fingerprint_42d_only,13091,7481,639,639,0.25409095144024907,0.4617101470118681,0.5063527852861456
active_duration,tomorrow,afternoon,today_partial_only,13091,7481,639,639,0.11390682580449529,0.5338124001474245,0.3407176080931399
active_duration,tomorrow,afternoon,history_plus_fingerprint,13091,7481,639,639,0.25637009164469426,0.4602462912689112,0.5082675479299813
active_duration,tomorrow,afternoon,history_fingerprint_plus_today,13091,7481,639,639,0.26033345721183954,0.45747452384880655,0.5120719079950181
active_duration,tomorrow,evening,calendar_only,13091,7481,639,639,-0.004126803919803468,0.5993419572960483,0.10962007054560079
active_duration,tomorrow,evening,recent_history_only,13091,7481,639,639,0.2409196419284242,0.4674737523536008,0.49248118787097184
active_duration,tomorrow,evening,fingerprint_42d_only,13091,7481,639,639,0.25409095144024907,0.4617101470118681,0.5063527852861456
active_duration,tomorrow,evening,today_partial_only,13091,7481,639,639,0.1596138388701962,0.5091973943737386,0.40035961598080444
active_duration,tomorrow,evening,history_plus_fingerprint,13091,7481,639,639,0.25637009164469426,0.4602462912689112,0.5082675479299813
active_duration,tomorrow,evening,history_fingerprint_plus_today,13091,7481,639,639,0.26520105174055253,0.4543423918811411,0.5166441489509331
active_duration,next_week,morning,calendar_only,12082,6941,636,636,-0.05663632191067647,0.3927368659611652,0.1584316804098312
active_duration,next_week,morning,recent_history_only,12082,6941,636,636,0.6107503625441303,0.22401920887532173,0.783843184402742
active_duration,next_week,morning,fingerprint_42d_only,12082,6941,636,636,0.6342341970501543,0.2187790713617464,0.7995290499634379
active_duration,next_week,morning,today_partial_only,12082,6941,636,636,0.10021102498622425,0.35772203590476326,0.3735161661826393
active_duration,next_week,morning,history_plus_fingerprint,12082,6941,636,636,0.6405211162762214,0.21608167202793732,0.802804021967975
active_duration,next_week,morning,history_fingerprint_plus_today,12082,6941,636,636,0.6415040947418004,0.2157319259455689,0.8033685427888042
active_duration,next_week,afternoon,calendar_only,12082,6941,636,636,-0.05663632191067647,0.3927368659611652,0.1584316804098312
active_duration,next_week,afternoon,recent_history_only,12082,6941,636,636,0.6107503625441303,0.22401920887532173,0.783843184402742
active_duration,next_week,afternoon,fingerprint_42d_only,12082,6941,636,636,0.6342341970501543,0.2187790713617464,0.7995290499634379
active_duration,next_week,afternoon,today_partial_only,12082,6941,636,636,0.21217291859019916,0.33164463080232615,0.4880953327441662
active_duration,next_week,afternoon,history_plus_fingerprint,12082,6941,636,636,0.6405211162762214,0.21608167202793732,0.802804021967975
active_duration,next_week,afternoon,history_fingerprint_plus_today,12082,6941,636,636,0.6431824460735996,0.21512879242566743,0.8043361036985794
active_duration,next_week,evening,calendar_only,12082,6941,636,636,-0.05663632191067647,0.3927368659611652,0.1584316804098312
active_duration,next_week,evening,recent_history_only,12082,6941,636,636,0.6107503625441303,0.22401920887532173,0.783843184402742
active_duration,next_week,evening,fingerprint_42d_only,12082,6941,636,636,0.6342341970501543,0.2187790713617464,0.7995290499634379
active_duration,next_week,evening,today_partial_only,12082,6941,636,636,0.3049088089122496,0.3089593734208879,0.5675711562509655
active_duration,next_week,evening,history_plus_fingerprint,12082,6941,636,636,0.6405211162762214,0.21608167202793732,0.802804021967975
active_duration,next_week,evening,history_fingerprint_plus_today,12082,6941,636,636,0.6451876388920901,0.21455404177565524,0.8054792921759193
sedentary_duration,tomorrow,morning,calendar_only,13092,7481,639,639,-0.013970102165848264,0.056840393913491154,0.08794577358370799
sedentary_duration,tomorrow,morning,recent_history_only,13092,7481,639,639,0.15400117383190237,0.04494316832857725,0.3959306401491815
sedentary_duration,tomorrow,morning,fingerprint_42d_only,13092,7481,639,639,0.15919557391521522,0.04450113963509957,0.40279067349396536
sedentary_duration,tomorrow,morning,today_partial_only,13092,7481,639,639,0.038780801682012034,0.054018944622353536,0.22129372782997037
sedentary_duration,tomorrow,morning,history_plus_fingerprint,13092,7481,639,639,0.16186013746056027,0.04436870407509702,0.4054280785682548
sedentary_duration,tomorrow,morning,history_fingerprint_plus_today,13092,7481,639,639,0.16346534894695042,0.04427625552059018,0.4071374049779619
sedentary_duration,tomorrow,afternoon,calendar_only,13092,7481,639,639,-0.013970102165848264,0.056840393913491154,0.08794577358370799
sedentary_duration,tomorrow,afternoon,recent_history_only,13092,7481,639,639,0.15400117383190237,0.04494316832857725,0.3959306401491815
sedentary_duration,tomorrow,afternoon,fingerprint_42d_only,13092,7481,639,639,0.15919557391521522,0.04450113963509957,0.40279067349396536
sedentary_duration,tomorrow,afternoon,today_partial_only,13092,7481,639,639,0.07249923287437621,0.05142490786856065,0.28216095265486296
sedentary_duration,tomorrow,afternoon,history_plus_fingerprint,13092,7481,639,639,0.16186013746056027,0.04436870407509702,0.4054280785682548
sedentary_duration,tomorrow,afternoon,history_fingerprint_plus_today,13092,7481,639,639,0.1665762318677525,0.04407435852022593,0.4106195442227712
sedentary_duration,tomorrow,evening,calendar_only,13092,7481,639,639,-0.013970102165848264,0.056840393913491154,0.08794577358370799
sedentary_duration,tomorrow,evening,recent_history_only,13092,7481,639,639,0.15400117383190237,0.04494316832857725,0.3959306401491815
sedentary_duration,tomorrow,evening,fingerprint_42d_only,13092,7481,639,639,0.15919557391521522,0.04450113963509957,0.40279067349396536
sedentary_duration,tomorrow,evening,today_partial_only,13092,7481,639,639,0.10816469499262593,0.048920085903536734,0.33473198591027215
sedentary_duration,tomorrow,evening,history_plus_fingerprint,13092,7481,639,639,0.16186013746056027,0.04436870407509702,0.4054280785682548
sedentary_duration,tomorrow,evening,history_fingerprint_plus_today,13092,7481,639,639,0.1721575027093003,0.04363285470054875,0.4168063642111759
sedentary_duration,next_week,morning,calendar_only,12082,6941,636,636,-0.054257144877975394,0.04041691060869193,0.14452316208743374
sedentary_duration,next_week,morning,recent_history_only,12082,6941,636,636,0.6307957696183422,0.02270125666828648,0.7960050539022646
sedentary_duration,next_week,morning,fingerprint_42d_only,12082,6941,636,636,0.6522946805956006,0.022164248653040224,0.8104799433654721
sedentary_duration,next_week,morning,today_partial_only,12082,6941,636,636,0.1195535114702766,0.03710055617001313,0.3944733968574076
sedentary_duration,next_week,morning,history_plus_fingerprint,12082,6941,636,636,0.6616437212999733,0.021864178071203753,0.8154562496027316
sedentary_duration,next_week,morning,history_fingerprint_plus_today,12082,6941,636,636,0.663644803591829,0.021814490968861292,0.8166364362705661
sedentary_duration,next_week,afternoon,calendar_only,12082,6941,636,636,-0.054257144877975394,0.04041691060869193,0.14452316208743374
sedentary_duration,next_week,afternoon,recent_history_only,12082,6941,636,636,0.6307957696183422,0.02270125666828648,0.7960050539022646
sedentary_duration,next_week,afternoon,fingerprint_42d_only,12082,6941,636,636,0.6522946805956006,0.022164248653040224,0.8104799433654721
sedentary_duration,next_week,afternoon,today_partial_only,12082,6941,636,636,0.2224095884960522,0.03462626021341,0.4982930635236299
sedentary_duration,next_week,afternoon,history_plus_fingerprint,12082,6941,636,636,0.6616437212999733,0.021864178071203753,0.8154562496027316
sedentary_duration,next_week,afternoon,history_fingerprint_plus_today,12082,6941,636,636,0.6657218607850363,0.021753498786078997,0.8178469725418601
sedentary_duration,next_week,evening,calendar_only,12082,6941,636,636,-0.054257144877975394,0.04041691060869193,0.14452316208743374
sedentary_duration,next_week,evening,recent_history_only,12082,6941,636,636,0.6307957696183422,0.02270125666828648,0.7960050539022646
sedentary_duration,next_week,evening,fingerprint_42d_only,12082,6941,636,636,0.6522946805956006,0.022164248653040224,0.8104799433654721
sedentary_duration,next_week,evening,today_partial_only,12082,6941,636,636,0.31319850663326687,0.03221491027111263,0.5751270371943935
sedentary_duration,next_week,evening,history_plus_fingerprint,12082,6941,636,636,0.6616437212999733,0.021864178071203753,0.8154562496027316
sedentary_duration,next_week,evening,history_fingerprint_plus_today,12082,6941,636,636,0.6680220360063717,0.02168535468638572,0.8191721591168672
sleep_duration,tomorrow,morning,calendar_only,11895,6871,620,620,-0.0032962412282708797,0.31735091071162513,0.042176702871540336
sleep_duration,tomorrow,morning,recent_history_only,11895,6871,620,620,0.02661445463486478,0.30165659050278654,0.17164411566331622
sleep_duration,tomorrow,morning,fingerprint_42d_only,11895,6871,620,620,0.03792250309141432,0.3011674550138046,0.20012911545235493
sleep_duration,tomorrow,morning,today_partial_only,11895,6871,620,620,-0.0032962412282708797,0.31735091071162513,0.042176702871540336
sleep_duration,tomorrow,morning,history_plus_fingerprint,11895,6871,620,620,0.03691982322282927,0.30157681771659395,0.19784670940822582
sleep_duration,tomorrow,morning,history_fingerprint_plus_today,11895,6871,620,620,0.03691982322282927,0.30157681771659395,0.19784670940822582
sleep_duration,tomorrow,afternoon,calendar_only,11895,6871,620,620,-0.0032962412282708797,0.31735091071162513,0.042176702871540336
sleep_duration,tomorrow,afternoon,recent_history_only,11895,6871,620,620,0.02661445463486478,0.30165659050278654,0.17164411566331622
sleep_duration,tomorrow,afternoon,fingerprint_42d_only,11895,6871,620,620,0.03792250309141432,0.3011674550138046,0.20012911545235493
sleep_duration,tomorrow,afternoon,today_partial_only,11895,6871,620,620,-0.0032962412282708797,0.31735091071162513,0.042176702871540336
sleep_duration,tomorrow,afternoon,history_plus_fingerprint,11895,6871,620,620,0.03691982322282927,0.30157681771659395,0.19784670940822582
sleep_duration,tomorrow,afternoon,history_fingerprint_plus_today,11895,6871,620,620,0.03691982322282927,0.30157681771659395,0.19784670940822582
sleep_duration,tomorrow,evening,calendar_only,11895,6871,620,620,-0.0032962412282708797,0.31735091071162513,0.042176702871540336
sleep_duration,tomorrow,evening,recent_history_only,11895,6871,620,620,0.02661445463486478,0.30165659050278654,0.17164411566331622
sleep_duration,tomorrow,evening,fingerprint_42d_only,11895,6871,620,620,0.03792250309141432,0.3011674550138046,0.20012911545235493
sleep_duration,tomorrow,evening,today_partial_only,11895,6871,620,620,-0.0032962412282708797,0.31735091071162513,0.042176702871540336
sleep_duration,tomorrow,evening,history_plus_fingerprint,11895,6871,620,620,0.03691982322282927,0.30157681771659395,0.19784670940822582
sleep_duration,tomorrow,evening,history_fingerprint_plus_today,11895,6871,620,620,0.03691982322282927,0.30157681771659395,0.19784670940822582
sleep_duration,next_week,morning,calendar_only,11258,6531,605,605,-0.026632092646911243,0.12161995676053731,0.050834766306441036
sleep_duration,next_week,morning,recent_history_only,11258,6531,605,605,0.3572727367753521,0.09475857802919696,0.6126388568117297
sleep_duration,next_week,morning,fingerprint_42d_only,11258,6531,605,605,0.41700891511138194,0.08967092638830898,0.654151318469537
sleep_duration,next_week,morning,today_partial_only,11258,6531,605,605,-0.026632092646911243,0.12161995676053731,0.050834766306441036
sleep_duration,next_week,morning,history_plus_fingerprint,11258,6531,605,605,0.41525988197710106,0.09001504324612862,0.6538463157507183
sleep_duration,next_week,morning,history_fingerprint_plus_today,11258,6531,605,605,0.41525988197710106,0.09001504324612862,0.6538463157507183
sleep_duration,next_week,afternoon,calendar_only,11258,6531,605,605,-0.026632092646911243,0.12161995676053731,0.050834766306441036
sleep_duration,next_week,afternoon,recent_history_only,11258,6531,605,605,0.3572727367753521,0.09475857802919696,0.6126388568117297
sleep_duration,next_week,afternoon,fingerprint_42d_only,11258,6531,605,605,0.41700891511138194,0.08967092638830898,0.654151318469537
sleep_duration,next_week,afternoon,today_partial_only,11258,6531,605,605,-0.026632092646911243,0.12161995676053731,0.050834766306441036
sleep_duration,next_week,afternoon,history_plus_fingerprint,11258,6531,605,605,0.41525988197710106,0.09001504324612862,0.6538463157507183
sleep_duration,next_week,afternoon,history_fingerprint_plus_today,11258,6531,605,605,0.41525988197710106,0.09001504324612862,0.6538463157507183
sleep_duration,next_week,evening,calendar_only,11258,6531,605,605,-0.026632092646911243,0.12161995676053731,0.050834766306441036
sleep_duration,next_week,evening,recent_history_only,11258,6531,605,605,0.3572727367753521,0.09475857802919696,0.6126388568117297
sleep_duration,next_week,evening,fingerprint_42d_only,11258,6531,605,605,0.41700891511138194,0.08967092638830898,0.654151318469537
sleep_duration,next_week,evening,today_partial_only,11258,6531,605,605,-0.026632092646911243,0.12161995676053731,0.050834766306441036
sleep_duration,next_week,evening,history_plus_fingerprint,11258,6531,605,605,0.41525988197710106,0.09001504324612862,0.6538463157507183
sleep_duration,next_week,evening,history_fingerprint_plus_today,11258,6531,605,605,0.41525988197710106,0.09001504324612862,0.6538463157507183
sleep_in_bed,tomorrow,morning,calendar_only,11895,6871,620,620,-0.002501111351903118,0.31467020338922147,0.040628283067643906
sleep_in_bed,tomorrow,morning,recent_history_only,11895,6871,620,620,0.02109034124234388,0.3014558740426302,0.1552464221743626
sleep_in_bed,tomorrow,morning,fingerprint_42d_only,11895,6871,620,620,0.032074510657987054,0.3016842112219503,0.1846670792248269
sleep_in_bed,tomorrow,morning,today_partial_only,11895,6871,620,620,-0.002501111351903118,0.31467020338922147,0.040628283067643906
sleep_in_bed,tomorrow,morning,history_plus_fingerprint,11895,6871,620,620,0.03108983709613755,0.3021294134548549,0.18254155230935626
sleep_in_bed,tomorrow,morning,history_fingerprint_plus_today,11895,6871,620,620,0.03108983709613755,0.3021294134548549,0.18254155230935626
sleep_in_bed,tomorrow,afternoon,calendar_only,11895,6871,620,620,-0.002501111351903118,0.31467020338922147,0.040628283067643906
sleep_in_bed,tomorrow,afternoon,recent_history_only,11895,6871,620,620,0.02109034124234388,0.3014558740426302,0.1552464221743626
sleep_in_bed,tomorrow,afternoon,fingerprint_42d_only,11895,6871,620,620,0.032074510657987054,0.3016842112219503,0.1846670792248269
sleep_in_bed,tomorrow,afternoon,today_partial_only,11895,6871,620,620,-0.002501111351903118,0.31467020338922147,0.040628283067643906
sleep_in_bed,tomorrow,afternoon,history_plus_fingerprint,11895,6871,620,620,0.03108983709613755,0.3021294134548549,0.18254155230935626
sleep_in_bed,tomorrow,afternoon,history_fingerprint_plus_today,11895,6871,620,620,0.03108983709613755,0.3021294134548549,0.18254155230935626
sleep_in_bed,tomorrow,evening,calendar_only,11895,6871,620,620,-0.002501111351903118,0.31467020338922147,0.040628283067643906
sleep_in_bed,tomorrow,evening,recent_history_only,11895,6871,620,620,0.02109034124234388,0.3014558740426302,0.1552464221743626
sleep_in_bed,tomorrow,evening,fingerprint_42d_only,11895,6871,620,620,0.032074510657987054,0.3016842112219503,0.1846670792248269
sleep_in_bed,tomorrow,evening,today_partial_only,11895,6871,620,620,-0.002501111351903118,0.31467020338922147,0.040628283067643906
sleep_in_bed,tomorrow,evening,history_plus_fingerprint,11895,6871,620,620,0.03108983709613755,0.3021294134548549,0.18254155230935626
sleep_in_bed,tomorrow,evening,history_fingerprint_plus_today,11895,6871,620,620,0.03108983709613755,0.3021294134548549,0.18254155230935626
sleep_in_bed,next_week,morning,calendar_only,11258,6531,605,605,-0.02143862446346434,0.1165792869020739,0.019421479674316094
sleep_in_bed,next_week,morning,recent_history_only,11258,6531,605,605,0.29664271629673034,0.09340174379614401,0.562270070622942
sleep_in_bed,next_week,morning,fingerprint_42d_only,11258,6531,605,605,0.35522438945038715,0.08899898462046026,0.6047206234520679
sleep_in_bed,next_week,morning,today_partial_only,11258,6531,605,605,-0.02143862446346434,0.1165792869020739,0.019421479674316094
sleep_in_bed,next_week,morning,history_plus_fingerprint,11258,6531,605,605,0.353686457446713,0.08919786352227409,0.6051092967909744
sleep_in_bed,next_week,morning,history_fingerprint_plus_today,11258,6531,605,605,0.353686457446713,0.08919786352227409,0.6051092967909744
sleep_in_bed,next_week,afternoon,calendar_only,11258,6531,605,605,-0.02143862446346434,0.1165792869020739,0.019421479674316094
sleep_in_bed,next_week,afternoon,recent_history_only,11258,6531,605,605,0.29664271629673034,0.09340174379614401,0.562270070622942
sleep_in_bed,next_week,afternoon,fingerprint_42d_only,11258,6531,605,605,0.35522438945038715,0.08899898462046026,0.6047206234520679
sleep_in_bed,next_week,afternoon,today_partial_only,11258,6531,605,605,-0.02143862446346434,0.1165792869020739,0.019421479674316094
sleep_in_bed,next_week,afternoon,history_plus_fingerprint,11258,6531,605,605,0.353686457446713,0.08919786352227409,0.6051092967909744
sleep_in_bed,next_week,afternoon,history_fingerprint_plus_today,11258,6531,605,605,0.353686457446713,0.08919786352227409,0.6051092967909744
sleep_in_bed,next_week,evening,calendar_only,11258,6531,605,605,-0.02143862446346434,0.1165792869020739,0.019421479674316094
sleep_in_bed,next_week,evening,recent_history_only,11258,6531,605,605,0.29664271629673034,0.09340174379614401,0.562270070622942
sleep_in_bed,next_week,evening,fingerprint_42d_only,11258,6531,605,605,0.35522438945038715,0.08899898462046026,0.6047206234520679
sleep_in_bed,next_week,evening,today_partial_only,11258,6531,605,605,-0.02143862446346434,0.1165792869020739,0.019421479674316094
sleep_in_bed,next_week,evening,history_plus_fingerprint,11258,6531,605,605,0.353686457446713,0.08919786352227409,0.6051092967909744
sleep_in_bed,next_week,evening,history_fingerprint_plus_today,11258,6531,605,605,0.353686457446713,0.08919786352227409,0.6051092967909744
sleep_efficiency,tomorrow,morning,calendar_only,11743,6792,619,619,-0.0014953969605941975,0.029255962218048093,0.09322299101330311
sleep_efficiency,tomorrow,morning,recent_history_only,11743,6792,619,619,0.6391436214159086,0.02254555869498091,0.7995607058201922
sleep_efficiency,tomorrow,morning,fingerprint_42d_only,11743,6792,619,619,0.6277086705777197,0.022254618699568143,0.792329192585322
sleep_efficiency,tomorrow,morning,today_partial_only,11743,6792,619,619,-0.0014953969605941975,0.029255962218048093,0.09322299101330311
sleep_efficiency,tomorrow,morning,history_plus_fingerprint,11743,6792,619,619,0.6372528012307623,0.022134876839080567,0.7983481742806449
sleep_efficiency,tomorrow,morning,history_fingerprint_plus_today,11743,6792,619,619,0.6372528012307623,0.022134876839080567,0.7983481742806449
sleep_efficiency,tomorrow,afternoon,calendar_only,11743,6792,619,619,-0.0014953969605941975,0.029255962218048093,0.09322299101330311
sleep_efficiency,tomorrow,afternoon,recent_history_only,11743,6792,619,619,0.6391436214159086,0.02254555869498091,0.7995607058201922
sleep_efficiency,tomorrow,afternoon,fingerprint_42d_only,11743,6792,619,619,0.6277086705777197,0.022254618699568143,0.792329192585322
sleep_efficiency,tomorrow,afternoon,today_partial_only,11743,6792,619,619,-0.0014953969605941975,0.029255962218048093,0.09322299101330311
sleep_efficiency,tomorrow,afternoon,history_plus_fingerprint,11743,6792,619,619,0.6372528012307623,0.022134876839080567,0.7983481742806449
sleep_efficiency,tomorrow,afternoon,history_fingerprint_plus_today,11743,6792,619,619,0.6372528012307623,0.022134876839080567,0.7983481742806449
sleep_efficiency,tomorrow,evening,calendar_only,11743,6792,619,619,-0.0014953969605941975,0.029255962218048093,0.09322299101330311
sleep_efficiency,tomorrow,evening,recent_history_only,11743,6792,619,619,0.6391436214159086,0.02254555869498091,0.7995607058201922
sleep_efficiency,tomorrow,evening,fingerprint_42d_only,11743,6792,619,619,0.6277086705777197,0.022254618699568143,0.792329192585322
sleep_efficiency,tomorrow,evening,today_partial_only,11743,6792,619,619,-0.0014953969605941975,0.029255962218048093,0.09322299101330311
sleep_efficiency,tomorrow,evening,history_plus_fingerprint,11743,6792,619,619,0.6372528012307623,0.022134876839080567,0.7983481742806449
sleep_efficiency,tomorrow,evening,history_fingerprint_plus_today,11743,6792,619,619,0.6372528012307623,0.022134876839080567,0.7983481742806449
sleep_efficiency,next_week,morning,calendar_only,11166,6493,605,605,-0.0033202242143179905,0.021813344911153724,0.11451383173689751
sleep_efficiency,next_week,morning,recent_history_only,11166,6493,605,605,0.8273467447900185,0.012699088136853122,0.909978223728648
sleep_efficiency,next_week,morning,fingerprint_42d_only,11166,6493,605,605,0.8115237035028147,0.012114901491841336,0.9009869629878148
sleep_efficiency,next_week,morning,today_partial_only,11166,6493,605,605,-0.0033202242143179905,0.021813344911153724,0.11451383173689751
sleep_efficiency,next_week,morning,history_plus_fingerprint,11166,6493,605,605,0.8238185106677793,0.011950997547035436,0.90779475779064
sleep_efficiency,next_week,morning,history_fingerprint_plus_today,11166,6493,605,605,0.8238185106677793,0.011950997547035436,0.90779475779064
sleep_efficiency,next_week,afternoon,calendar_only,11166,6493,605,605,-0.0033202242143179905,0.021813344911153724,0.11451383173689751
sleep_efficiency,next_week,afternoon,recent_history_only,11166,6493,605,605,0.8273467447900185,0.012699088136853122,0.909978223728648
sleep_efficiency,next_week,afternoon,fingerprint_42d_only,11166,6493,605,605,0.8115237035028147,0.012114901491841336,0.9009869629878148
sleep_efficiency,next_week,afternoon,today_partial_only,11166,6493,605,605,-0.0033202242143179905,0.021813344911153724,0.11451383173689751
sleep_efficiency,next_week,afternoon,history_plus_fingerprint,11166,6493,605,605,0.8238185106677793,0.011950997547035436,0.90779475779064
sleep_efficiency,next_week,afternoon,history_fingerprint_plus_today,11166,6493,605,605,0.8238185106677793,0.011950997547035436,0.90779475779064
sleep_efficiency,next_week,evening,calendar_only,11166,6493,605,605,-0.0033202242143179905,0.021813344911153724,0.11451383173689751
sleep_efficiency,next_week,evening,recent_history_only,11166,6493,605,605,0.8273467447900185,0.012699088136853122,0.909978223728648
sleep_efficiency,next_week,evening,fingerprint_42d_only,11166,6493,605,605,0.8115237035028147,0.012114901491841336,0.9009869629878148
sleep_efficiency,next_week,evening,today_partial_only,11166,6493,605,605,-0.0033202242143179905,0.021813344911153724,0.11451383173689751
sleep_efficiency,next_week,evening,history_plus_fingerprint,11166,6493,605,605,0.8238185106677793,0.011950997547035436,0.90779475779064
sleep_efficiency,next_week,evening,history_fingerprint_plus_today,11166,6493,605,605,0.8238185106677793,0.011950997547035436,0.90779475779064
location_home_time,tomorrow,morning,calendar_only,14592,8271,629,629,-0.023029584783239132,1.702394653822158,0.1364199371289538
location_home_time,tomorrow,morning,recent_history_only,14592,8271,629,629,0.24883175219432663,1.4431276570967375,0.5741330382090398
location_home_time,tomorrow,morning,fingerprint_42d_only,14592,8271,629,629,0.13471884087509955,1.592475321438707,0.4279921352918793
location_home_time,tomorrow,morning,today_partial_only,14592,8271,629,629,-0.023029584783239132,1.702394653822158,0.1364199371289538
location_home_time,tomorrow,morning,history_plus_fingerprint,14592,8271,629,629,0.2608239694276886,1.4452717445490275,0.5739092953968822
location_home_time,tomorrow,morning,history_fingerprint_plus_today,14592,8271,629,629,0.2608239694276886,1.4452717445490275,0.5739092953968822
location_home_time,tomorrow,afternoon,calendar_only,14592,8271,629,629,-0.023029584783239132,1.702394653822158,0.1364199371289538
location_home_time,tomorrow,afternoon,recent_history_only,14592,8271,629,629,0.24883175219432663,1.4431276570967375,0.5741330382090398
location_home_time,tomorrow,afternoon,fingerprint_42d_only,14592,8271,629,629,0.13471884087509955,1.592475321438707,0.4279921352918793
location_home_time,tomorrow,afternoon,today_partial_only,14592,8271,629,629,-0.023029584783239132,1.702394653822158,0.1364199371289538
location_home_time,tomorrow,afternoon,history_plus_fingerprint,14592,8271,629,629,0.2608239694276886,1.4452717445490275,0.5739092953968822
location_home_time,tomorrow,afternoon,history_fingerprint_plus_today,14592,8271,629,629,0.2608239694276886,1.4452717445490275,0.5739092953968822
location_home_time,tomorrow,evening,calendar_only,14592,8271,629,629,-0.023029584783239132,1.702394653822158,0.1364199371289538
location_home_time,tomorrow,evening,recent_history_only,14592,8271,629,629,0.24883175219432663,1.4431276570967375,0.5741330382090398
location_home_time,tomorrow,evening,fingerprint_42d_only,14592,8271,629,629,0.13471884087509955,1.592475321438707,0.4279921352918793
location_home_time,tomorrow,evening,today_partial_only,14592,8271,629,629,-0.023029584783239132,1.702394653822158,0.1364199371289538
location_home_time,tomorrow,evening,history_plus_fingerprint,14592,8271,629,629,0.2608239694276886,1.4452717445490275,0.5739092953968822
location_home_time,tomorrow,evening,history_fingerprint_plus_today,14592,8271,629,629,0.2608239694276886,1.4452717445490275,0.5739092953968822
location_home_time,next_week,morning,calendar_only,13455,7690,629,629,-0.03200125658891739,0.9171695578857748,0.30162741007707455
location_home_time,next_week,morning,recent_history_only,13455,7690,629,629,0.15143216821701766,0.8024549950001875,0.4912145010879749
location_home_time,next_week,morning,fingerprint_42d_only,13455,7690,629,629,0.09150031550534055,0.8334703001458388,0.41075899552848383
location_home_time,next_week,morning,today_partial_only,13455,7690,629,629,-0.03200125658891739,0.9171695578857748,0.30162741007707455
location_home_time,next_week,morning,history_plus_fingerprint,13455,7690,629,629,0.15505413139245017,0.8117944357382921,0.48095547082113116
location_home_time,next_week,morning,history_fingerprint_plus_today,13455,7690,629,629,0.15505413139245017,0.8117944357382921,0.48095547082113116
location_home_time,next_week,afternoon,calendar_only,13455,7690,629,629,-0.03200125658891739,0.9171695578857748,0.30162741007707455
location_home_time,next_week,afternoon,recent_history_only,13455,7690,629,629,0.15143216821701766,0.8024549950001875,0.4912145010879749
location_home_time,next_week,afternoon,fingerprint_42d_only,13455,7690,629,629,0.09150031550534055,0.8334703001458388,0.41075899552848383
location_home_time,next_week,afternoon,today_partial_only,13455,7690,629,629,-0.03200125658891739,0.9171695578857748,0.30162741007707455
location_home_time,next_week,afternoon,history_plus_fingerprint,13455,7690,629,629,0.15505413139245017,0.8117944357382921,0.48095547082113116
location_home_time,next_week,afternoon,history_fingerprint_plus_today,13455,7690,629,629,0.15505413139245017,0.8117944357382921,0.48095547082113116
location_home_time,next_week,evening,calendar_only,13455,7690,629,629,-0.03200125658891739,0.9171695578857748,0.30162741007707455
location_home_time,next_week,evening,recent_history_only,13455,7690,629,629,0.15143216821701766,0.8024549950001875,0.4912145010879749
location_home_time,next_week,evening,fingerprint_42d_only,13455,7690,629,629,0.09150031550534055,0.8334703001458388,0.41075899552848383
location_home_time,next_week,evening,today_partial_only,13455,7690,629,629,-0.03200125658891739,0.9171695578857748,0.30162741007707455
location_home_time,next_week,evening,history_plus_fingerprint,13455,7690,629,629,0.15505413139245017,0.8117944357382921,0.48095547082113116
location_home_time,next_week,evening,history_fingerprint_plus_today,13455,7690,629,629,0.15505413139245017,0.8117944357382921,0.48095547082113116
location_distance,tomorrow,morning,calendar_only,14592,8271,629,629,-0.02127064130495393,2.427325813154569,0.03126935599196408
location_distance,tomorrow,morning,recent_history_only,14592,8271,629,629,-0.15446959931564663,2.4762623440077625,0.09178786852410237
location_distance,tomorrow,morning,fingerprint_42d_only,14592,8271,629,629,0.00025744710358932554,2.3892023232760025,0.13735334695471743
location_distance,tomorrow,morning,today_partial_only,14592,8271,629,629,-0.02127064130495393,2.427325813154569,0.03126935599196408
location_distance,tomorrow,morning,history_plus_fingerprint,14592,8271,629,629,-0.11312335138103968,2.4391630512364433,0.11286505602845583
location_distance,tomorrow,morning,history_fingerprint_plus_today,14592,8271,629,629,-0.11312335138103968,2.4391630512364433,0.11286505602845583
location_distance,tomorrow,afternoon,calendar_only,14592,8271,629,629,-0.02127064130495393,2.427325813154569,0.03126935599196408
location_distance,tomorrow,afternoon,recent_history_only,14592,8271,629,629,-0.15446959931564663,2.4762623440077625,0.09178786852410237
location_distance,tomorrow,afternoon,fingerprint_42d_only,14592,8271,629,629,0.00025744710358932554,2.3892023232760025,0.13735334695471743
location_distance,tomorrow,afternoon,today_partial_only,14592,8271,629,629,-0.02127064130495393,2.427325813154569,0.03126935599196408
location_distance,tomorrow,afternoon,history_plus_fingerprint,14592,8271,629,629,-0.11312335138103968,2.4391630512364433,0.11286505602845583
location_distance,tomorrow,afternoon,history_fingerprint_plus_today,14592,8271,629,629,-0.11312335138103968,2.4391630512364433,0.11286505602845583
location_distance,tomorrow,evening,calendar_only,14592,8271,629,629,-0.02127064130495393,2.427325813154569,0.03126935599196408
location_distance,tomorrow,evening,recent_history_only,14592,8271,629,629,-0.15446959931564663,2.4762623440077625,0.09178786852410237
location_distance,tomorrow,evening,fingerprint_42d_only,14592,8271,629,629,0.00025744710358932554,2.3892023232760025,0.13735334695471743
location_distance,tomorrow,evening,today_partial_only,14592,8271,629,629,-0.02127064130495393,2.427325813154569,0.03126935599196408
location_distance,tomorrow,evening,history_plus_fingerprint,14592,8271,629,629,-0.11312335138103968,2.4391630512364433,0.11286505602845583
location_distance,tomorrow,evening,history_fingerprint_plus_today,14592,8271,629,629,-0.11312335138103968,2.4391630512364433,0.11286505602845583
location_distance,next_week,morning,calendar_only,13455,7690,629,629,-0.016475828694693773,1.2017999902893517,0.020713324703867737
location_distance,next_week,morning,recent_history_only,13455,7690,629,629,-0.23305517146126142,1.2175121028005336,0.1642192527611084
location_distance,next_week,morning,fingerprint_42d_only,13455,7690,629,629,0.04740458147187021,1.157384862262805,0.2493158821946312
location_distance,next_week,morning,today_partial_only,13455,7690,629,629,-0.016475828694693773,1.2017999902893517,0.020713324703867737
location_distance,next_week,morning,history_plus_fingerprint,13455,7690,629,629,-0.1433210091907342,1.1874019597883894,0.19279114142494633
location_distance,next_week,morning,history_fingerprint_plus_today,13455,7690,629,629,-0.1433210091907342,1.1874019597883894,0.19279114142494633
location_distance,next_week,afternoon,calendar_only,13455,7690,629,629,-0.016475828694693773,1.2017999902893517,0.020713324703867737
location_distance,next_week,afternoon,recent_history_only,13455,7690,629,629,-0.23305517146126142,1.2175121028005336,0.1642192527611084
location_distance,next_week,afternoon,fingerprint_42d_only,13455,7690,629,629,0.04740458147187021,1.157384862262805,0.2493158821946312
location_distance,next_week,afternoon,today_partial_only,13455,7690,629,629,-0.016475828694693773,1.2017999902893517,0.020713324703867737
location_distance,next_week,afternoon,history_plus_fingerprint,13455,7690,629,629,-0.1433210091907342,1.1874019597883894,0.19279114142494633
location_distance,next_week,afternoon,history_fingerprint_plus_today,13455,7690,629,629,-0.1433210091907342,1.1874019597883894,0.19279114142494633
location_distance,next_week,evening,calendar_only,13455,7690,629,629,-0.016475828694693773,1.2017999902893517,0.020713324703867737
location_distance,next_week,evening,recent_history_only,13455,7690,629,629,-0.23305517146126142,1.2175121028005336,0.1642192527611084
location_distance,next_week,evening,fingerprint_42d_only,13455,7690,629,629,0.04740458147187021,1.157384862262805,0.2493158821946312
location_distance,next_week,evening,today_partial_only,13455,7690,629,629,-0.016475828694693773,1.2017999902893517,0.020713324703867737
location_distance,next_week,evening,history_plus_fingerprint,13455,7690,629,629,-0.1433210091907342,1.1874019597883894,0.19279114142494633
location_distance,next_week,evening,history_fingerprint_plus_today,13455,7690,629,629,-0.1433210091907342,1.1874019597883894,0.19279114142494633
location_entropy,tomorrow,morning,calendar_only,16201,9174,692,692,-0.001431129398677955,0.24887739258232672,0.0996343919458849
location_entropy,tomorrow,morning,recent_history_only,16201,9174,692,692,0.15832537384476242,0.21432342994085496,0.40875232236199904
location_entropy,tomorrow,morning,fingerprint_42d_only,16201,9174,692,692,0.16786199661296686,0.21401140258065404,0.4185895383831366
location_entropy,tomorrow,morning,today_partial_only,16201,9174,692,692,0.06681100780475091,0.23895145525480035,0.2621044974799746
location_entropy,tomorrow,morning,history_plus_fingerprint,16201,9174,692,692,0.179114924530686,0.21209681604201042,0.4307327037005957
location_entropy,tomorrow,morning,history_fingerprint_plus_today,16201,9174,692,692,0.1897322708220941,0.21109549031027855,0.44130290092924485
location_entropy,tomorrow,afternoon,calendar_only,16201,9174,692,692,-0.001431129398677955,0.24887739258232672,0.0996343919458849
location_entropy,tomorrow,afternoon,recent_history_only,16201,9174,692,692,0.15832537384476242,0.21432342994085496,0.40875232236199904
location_entropy,tomorrow,afternoon,fingerprint_42d_only,16201,9174,692,692,0.16786199661296686,0.21401140258065404,0.4185895383831366
location_entropy,tomorrow,afternoon,today_partial_only,16201,9174,692,692,0.13083025451693986,0.22759296037344307,0.36294729633206496
location_entropy,tomorrow,afternoon,history_plus_fingerprint,16201,9174,692,692,0.179114924530686,0.21209681604201042,0.4307327037005957
location_entropy,tomorrow,afternoon,history_fingerprint_plus_today,16201,9174,692,692,0.21414616326983715,0.20741803776028542,0.4667471051787726
location_entropy,tomorrow,evening,calendar_only,16201,9174,692,692,-0.001431129398677955,0.24887739258232672,0.0996343919458849
location_entropy,tomorrow,evening,recent_history_only,16201,9174,692,692,0.15832537384476242,0.21432342994085496,0.40875232236199904
location_entropy,tomorrow,evening,fingerprint_42d_only,16201,9174,692,692,0.16786199661296686,0.21401140258065404,0.4185895383831366
location_entropy,tomorrow,evening,today_partial_only,16201,9174,692,692,0.18404368718144537,0.2172317356550657,0.4299459496134542
location_entropy,tomorrow,evening,history_plus_fingerprint,16201,9174,692,692,0.179114924530686,0.21209681604201042,0.4307327037005957
location_entropy,tomorrow,evening,history_fingerprint_plus_today,16201,9174,692,692,0.24327792637259593,0.20260478669198176,0.49543274263503706
location_entropy,next_week,morning,calendar_only,14985,8548,692,692,0.0062307229730906855,0.17387171617728372,0.24992371658345
location_entropy,next_week,morning,recent_history_only,14985,8548,692,692,0.29187779447652773,0.1365077823719888,0.5538194738136372
location_entropy,next_week,morning,fingerprint_42d_only,14985,8548,692,692,0.3618762315157775,0.12967982028067193,0.6063647292460511
location_entropy,next_week,morning,today_partial_only,14985,8548,692,692,0.07124920532528867,0.16742503740125866,0.2821046042649057
location_entropy,next_week,morning,history_plus_fingerprint,14985,8548,692,692,0.36215254551796316,0.12944553891910926,0.6073596118710648
location_entropy,next_week,morning,history_fingerprint_plus_today,14985,8548,692,692,0.36378308337222776,0.12932539314947009,0.6085635660257035
location_entropy,next_week,afternoon,calendar_only,14985,8548,692,692,0.0062307229730906855,0.17387171617728372,0.24992371658345
location_entropy,next_week,afternoon,recent_history_only,14985,8548,692,692,0.29187779447652773,0.1365077823719888,0.5538194738136372
location_entropy,next_week,afternoon,fingerprint_42d_only,14985,8548,692,692,0.3618762315157775,0.12967982028067193,0.6063647292460511
location_entropy,next_week,afternoon,today_partial_only,14985,8548,692,692,0.12937132774431093,0.16091719498136164,0.3716957881366599
location_entropy,next_week,afternoon,history_plus_fingerprint,14985,8548,692,692,0.36215254551796316,0.12944553891910926,0.6073596118710648
location_entropy,next_week,afternoon,history_fingerprint_plus_today,14985,8548,692,692,0.3731746419855756,0.1283635849897161,0.616112703170924
location_entropy,next_week,evening,calendar_only,14985,8548,692,692,0.0062307229730906855,0.17387171617728372,0.24992371658345
location_entropy,next_week,evening,recent_history_only,14985,8548,692,692,0.29187779447652773,0.1365077823719888,0.5538194738136372
location_entropy,next_week,evening,fingerprint_42d_only,14985,8548,692,692,0.3618762315157775,0.12967982028067193,0.6063647292460511
location_entropy,next_week,evening,today_partial_only,14985,8548,692,692,0.17616138089053135,0.15571817077918684,0.43144194642209827
location_entropy,next_week,evening,history_plus_fingerprint,14985,8548,692,692,0.36215254551796316,0.12944553891910926,0.6073596118710648
location_entropy,next_week,evening,history_fingerprint_plus_today,14985,8548,692,692,0.38465146850953835,0.1273028648026778,0.624977389863615
significant_places,tomorrow,morning,calendar_only,16201,9174,692,692,0.00378349320227811,0.6904439889779876,0.09695768306250394
significant_places,tomorrow,morning,recent_history_only,16201,9174,692,692,0.18999396651063072,0.5847661698289714,0.45051621184004054
significant_places,tomorrow,morning,fingerprint_42d_only,16201,9174,692,692,0.20523602855435197,0.5849046873483995,0.4611730143521014
significant_places,tomorrow,morning,today_partial_only,16201,9174,692,692,0.06349822335636912,0.6635309585938088,0.2555089614689436
significant_places,tomorrow,morning,history_plus_fingerprint,16201,9174,692,692,0.20872286410492258,0.5816022710377448,0.46576688057499827
significant_places,tomorrow,morning,history_fingerprint_plus_today,16201,9174,692,692,0.2126574126707338,0.5802877745055297,0.46946988232504056
significant_places,tomorrow,afternoon,calendar_only,16201,9174,692,692,0.00378349320227811,0.6904439889779876,0.09695768306250394
significant_places,tomorrow,afternoon,recent_history_only,16201,9174,692,692,0.18999396651063072,0.5847661698289714,0.45051621184004054
significant_places,tomorrow,afternoon,fingerprint_42d_only,16201,9174,692,692,0.20523602855435197,0.5849046873483995,0.4611730143521014
significant_places,tomorrow,afternoon,today_partial_only,16201,9174,692,692,0.12525053506997486,0.6318198907076147,0.35611454258707376
significant_places,tomorrow,afternoon,history_plus_fingerprint,16201,9174,692,692,0.20872286410492258,0.5816022710377448,0.46576688057499827
significant_places,tomorrow,afternoon,history_fingerprint_plus_today,16201,9174,692,692,0.22802515664949774,0.5740931319784663,0.48430817133605286
significant_places,tomorrow,evening,calendar_only,16201,9174,692,692,0.00378349320227811,0.6904439889779876,0.09695768306250394
significant_places,tomorrow,evening,recent_history_only,16201,9174,692,692,0.18999396651063072,0.5847661698289714,0.45051621184004054
significant_places,tomorrow,evening,fingerprint_42d_only,16201,9174,692,692,0.20523602855435197,0.5849046873483995,0.4611730143521014
significant_places,tomorrow,evening,today_partial_only,16201,9174,692,692,0.17590013267319304,0.607357375755204,0.4200649218711455
significant_places,tomorrow,evening,history_plus_fingerprint,16201,9174,692,692,0.20872286410492258,0.5816022710377448,0.46576688057499827
significant_places,tomorrow,evening,history_fingerprint_plus_today,16201,9174,692,692,0.24701875100869397,0.5661670946585154,0.5015433695930481
significant_places,next_week,morning,calendar_only,14985,8548,692,692,0.019326959821651002,0.4981912099095957,0.2612804481237344
significant_places,next_week,morning,recent_history_only,14985,8548,692,692,0.39104926689118136,0.37354676393279573,0.6365452994500156
significant_places,next_week,morning,fingerprint_42d_only,14985,8548,692,692,0.447772845664844,0.3573339841337923,0.6729301929096534
significant_places,next_week,morning,today_partial_only,14985,8548,692,692,0.10030004454194763,0.4746611797764813,0.3167531201208382
significant_places,next_week,morning,history_plus_fingerprint,14985,8548,692,692,0.44831178008523087,0.3563600684290931,0.6741744851303287
significant_places,next_week,morning,history_fingerprint_plus_today,14985,8548,692,692,0.44871406764399757,0.356330977210956,0.6745771754392067
significant_places,next_week,afternoon,calendar_only,14985,8548,692,692,0.019326959821651002,0.4981912099095957,0.2612804481237344
significant_places,next_week,afternoon,recent_history_only,14985,8548,692,692,0.39104926689118136,0.37354676393279573,0.6365452994500156
significant_places,next_week,afternoon,fingerprint_42d_only,14985,8548,692,692,0.447772845664844,0.3573339841337923,0.6729301929096534
significant_places,next_week,afternoon,today_partial_only,14985,8548,692,692,0.17713092303608946,0.4507474608635688,0.4212125665753643
significant_places,next_week,afternoon,history_plus_fingerprint,14985,8548,692,692,0.44831178008523087,0.3563600684290931,0.6741744851303287
significant_places,next_week,afternoon,history_fingerprint_plus_today,14985,8548,692,692,0.4556059738296293,0.35399303241637353,0.6793600990878532
significant_places,next_week,evening,calendar_only,14985,8548,692,692,0.019326959821651002,0.4981912099095957,0.2612804481237344
significant_places,next_week,evening,recent_history_only,14985,8548,692,692,0.39104926689118136,0.37354676393279573,0.6365452994500156
significant_places,next_week,evening,fingerprint_42d_only,14985,8548,692,692,0.447772845664844,0.3573339841337923,0.6729301929096534
significant_places,next_week,evening,today_partial_only,14985,8548,692,692,0.22893233275074565,0.4342554728966756,0.47941744222199695
significant_places,next_week,evening,history_plus_fingerprint,14985,8548,692,692,0.44831178008523087,0.3563600684290931,0.6741744851303287
significant_places,next_week,evening,history_fingerprint_plus_today,14985,8548,692,692,0.46270292758216114,0.3517516209063132,0.684270906423894
incoming_call_count,tomorrow,morning,calendar_only,9291,5480,648,648,0.0004935775234724549,0.518834377615762,0.0443667663587418
incoming_call_count,tomorrow,morning,recent_history_only,9291,5480,648,648,0.21877879949431678,0.4742365579549419,0.4691234293242053
incoming_call_count,tomorrow,morning,fingerprint_42d_only,9291,5480,648,648,0.24608566991517278,0.4678788045219891,0.4987945345022044
incoming_call_count,tomorrow,morning,today_partial_only,9291,5480,648,648,0.027173362218626762,0.5093909781908765,0.17136813355548627
incoming_call_count,tomorrow,morning,history_plus_fingerprint,9291,5480,648,648,0.2521517657721146,0.46689957767632195,0.5042852286561802
incoming_call_count,tomorrow,morning,history_fingerprint_plus_today,9291,5480,648,648,0.25414141628319875,0.4660304587039309,0.5060523847812475
incoming_call_count,tomorrow,afternoon,calendar_only,9291,5480,648,648,0.0004935775234724549,0.518834377615762,0.0443667663587418
incoming_call_count,tomorrow,afternoon,recent_history_only,9291,5480,648,648,0.21877879949431678,0.4742365579549419,0.4691234293242053
incoming_call_count,tomorrow,afternoon,fingerprint_42d_only,9291,5480,648,648,0.24608566991517278,0.4678788045219891,0.4987945345022044
incoming_call_count,tomorrow,afternoon,today_partial_only,9291,5480,648,648,0.06304222468629139,0.5066850909554331,0.25589189034681353
incoming_call_count,tomorrow,afternoon,history_plus_fingerprint,9291,5480,648,648,0.2521517657721146,0.46689957767632195,0.5042852286561802
incoming_call_count,tomorrow,afternoon,history_fingerprint_plus_today,9291,5480,648,648,0.2560562747000563,0.4655691850340604,0.5076786850683894
incoming_call_count,tomorrow,evening,calendar_only,9291,5480,648,648,0.0004935775234724549,0.518834377615762,0.0443667663587418
incoming_call_count,tomorrow,evening,recent_history_only,9291,5480,648,648,0.21877879949431678,0.4742365579549419,0.4691234293242053
incoming_call_count,tomorrow,evening,fingerprint_42d_only,9291,5480,648,648,0.24608566991517278,0.4678788045219891,0.4987945345022044
incoming_call_count,tomorrow,evening,today_partial_only,9291,5480,648,648,0.09683181800777174,0.5015474146843529,0.3144296388315492
incoming_call_count,tomorrow,evening,history_plus_fingerprint,9291,5480,648,648,0.2521517657721146,0.46689957767632195,0.5042852286561802
incoming_call_count,tomorrow,evening,history_fingerprint_plus_today,9291,5480,648,648,0.25932597945963864,0.4647715992959833,0.5107522984091935
incoming_call_count,next_week,morning,calendar_only,8547,5012,556,556,-0.005282955666431999,0.36702172233280167,0.147214103173112
incoming_call_count,next_week,morning,recent_history_only,8547,5012,556,556,0.45624545331826694,0.26844378201303115,0.6835097005386669
incoming_call_count,next_week,morning,fingerprint_42d_only,8547,5012,556,556,0.5104525541432898,0.2585081850543872,0.7203737123900591
incoming_call_count,next_week,morning,today_partial_only,8547,5012,556,556,0.0397876340819584,0.3579972798446273,0.2145264523122107
incoming_call_count,next_week,morning,history_plus_fingerprint,8547,5012,556,556,0.5236805753932576,0.25439011232938885,0.7298757889950819
incoming_call_count,next_week,morning,history_fingerprint_plus_today,8547,5012,556,556,0.5260261072547205,0.2539840829541946,0.7311916462013485
incoming_call_count,next_week,afternoon,calendar_only,8547,5012,556,556,-0.005282955666431999,0.36702172233280167,0.147214103173112
incoming_call_count,next_week,afternoon,recent_history_only,8547,5012,556,556,0.45624545331826694,0.26844378201303115,0.6835097005386669
incoming_call_count,next_week,afternoon,fingerprint_42d_only,8547,5012,556,556,0.5104525541432898,0.2585081850543872,0.7203737123900591
incoming_call_count,next_week,afternoon,today_partial_only,8547,5012,556,556,0.10446082025708558,0.34538790188184354,0.3315841104150533
incoming_call_count,next_week,afternoon,history_plus_fingerprint,8547,5012,556,556,0.5236805753932576,0.25439011232938885,0.7298757889950819
incoming_call_count,next_week,afternoon,history_fingerprint_plus_today,8547,5012,556,556,0.527256724450017,0.2535602815657934,0.7315527697796167
incoming_call_count,next_week,evening,calendar_only,8547,5012,556,556,-0.005282955666431999,0.36702172233280167,0.147214103173112
incoming_call_count,next_week,evening,recent_history_only,8547,5012,556,556,0.45624545331826694,0.26844378201303115,0.6835097005386669
incoming_call_count,next_week,evening,fingerprint_42d_only,8547,5012,556,556,0.5104525541432898,0.2585081850543872,0.7203737123900591
incoming_call_count,next_week,evening,today_partial_only,8547,5012,556,556,0.15996174767625393,0.33565098845991037,0.4048668983107865
incoming_call_count,next_week,evening,history_plus_fingerprint,8547,5012,556,556,0.5236805753932576,0.25439011232938885,0.7298757889950819
incoming_call_count,next_week,evening,history_fingerprint_plus_today,8547,5012,556,556,0.5295404983100065,0.25324952895623193,0.7330177800622859
outgoing_call_count,tomorrow,morning,calendar_only,9291,5480,648,648,-0.001980107169382128,0.6547022190562442,0.03650406546226342
outgoing_call_count,tomorrow,morning,recent_history_only,9291,5480,648,648,0.2566725645872405,0.5597988018766212,0.5100197858404562
outgoing_call_count,tomorrow,morning,fingerprint_42d_only,9291,5480,648,648,0.297148081993884,0.5451399020723944,0.5498737573533076
outgoing_call_count,tomorrow,morning,today_partial_only,9291,5480,648,648,0.03507920700079703,0.643769505702361,0.19550247173024726
outgoing_call_count,tomorrow,morning,history_plus_fingerprint,9291,5480,648,648,0.30612031475555335,0.5406746988083722,0.5576773687398349
outgoing_call_count,tomorrow,morning,history_fingerprint_plus_today,9291,5480,648,648,0.30654260377999276,0.540557462334455,0.5580873269345731
outgoing_call_count,tomorrow,afternoon,calendar_only,9291,5480,648,648,-0.001980107169382128,0.6547022190562442,0.03650406546226342
outgoing_call_count,tomorrow,afternoon,recent_history_only,9291,5480,648,648,0.2566725645872405,0.5597988018766212,0.5100197858404562
outgoing_call_count,tomorrow,afternoon,fingerprint_42d_only,9291,5480,648,648,0.297148081993884,0.5451399020723944,0.5498737573533076
outgoing_call_count,tomorrow,afternoon,today_partial_only,9291,5480,648,648,0.11984309612780553,0.6187858339148375,0.34932021173562494
outgoing_call_count,tomorrow,afternoon,history_plus_fingerprint,9291,5480,648,648,0.30612031475555335,0.5406746988083722,0.5576773687398349
outgoing_call_count,tomorrow,afternoon,history_fingerprint_plus_today,9291,5480,648,648,0.30936559030849264,0.5396578063226151,0.5600552353745079
outgoing_call_count,tomorrow,evening,calendar_only,9291,5480,648,648,-0.001980107169382128,0.6547022190562442,0.03650406546226342
outgoing_call_count,tomorrow,evening,recent_history_only,9291,5480,648,648,0.2566725645872405,0.5597988018766212,0.5100197858404562
outgoing_call_count,tomorrow,evening,fingerprint_42d_only,9291,5480,648,648,0.297148081993884,0.5451399020723944,0.5498737573533076
outgoing_call_count,tomorrow,evening,today_partial_only,9291,5480,648,648,0.16079628422962777,0.6015233560270745,0.40244174553771805
outgoing_call_count,tomorrow,evening,history_plus_fingerprint,9291,5480,648,648,0.30612031475555335,0.5406746988083722,0.5576773687398349
outgoing_call_count,tomorrow,evening,history_fingerprint_plus_today,9291,5480,648,648,0.3124575324900587,0.5386447029245062,0.5618183005543848
outgoing_call_count,next_week,morning,calendar_only,8547,5012,556,556,-0.008606873233795609,0.47356815539631075,-0.08211092105268733
outgoing_call_count,next_week,morning,recent_history_only,8547,5012,556,556,0.453808248878085,0.3547399779768202,0.683103288737819
outgoing_call_count,next_week,morning,fingerprint_42d_only,8547,5012,556,556,0.5416068784219886,0.33178104518995843,0.7459624518480408
outgoing_call_count,next_week,morning,today_partial_only,8547,5012,556,556,0.0384210267021976,0.46477627826067386,0.21613070731057002
outgoing_call_count,next_week,morning,history_plus_fingerprint,8547,5012,556,556,0.546934853430278,0.32768709326924206,0.7483413991842833
outgoing_call_count,next_week,morning,history_fingerprint_plus_today,8547,5012,556,556,0.5469204221098843,0.32769326712998903,0.7482735361007832
outgoing_call_count,next_week,afternoon,calendar_only,8547,5012,556,556,-0.008606873233795609,0.47356815539631075,-0.08211092105268733
outgoing_call_count,next_week,afternoon,recent_history_only,8547,5012,556,556,0.453808248878085,0.3547399779768202,0.683103288737819
outgoing_call_count,next_week,afternoon,fingerprint_42d_only,8547,5012,556,556,0.5416068784219886,0.33178104518995843,0.7459624518480408
outgoing_call_count,next_week,afternoon,today_partial_only,8547,5012,556,556,0.10867748241526165,0.4415203526210102,0.35661725419550894
outgoing_call_count,next_week,afternoon,history_plus_fingerprint,8547,5012,556,556,0.546934853430278,0.32768709326924206,0.7483413991842833
outgoing_call_count,next_week,afternoon,history_fingerprint_plus_today,8547,5012,556,556,0.5447862220004538,0.3273510168558793,0.7450919434962839
outgoing_call_count,next_week,evening,calendar_only,8547,5012,556,556,-0.008606873233795609,0.47356815539631075,-0.08211092105268733
outgoing_call_count,next_week,evening,recent_history_only,8547,5012,556,556,0.453808248878085,0.3547399779768202,0.683103288737819
outgoing_call_count,next_week,evening,fingerprint_42d_only,8547,5012,556,556,0.5416068784219886,0.33178104518995843,0.7459624518480408
outgoing_call_count,next_week,evening,today_partial_only,8547,5012,556,556,0.17717600905602926,0.42404481028774726,0.43730971621238324
outgoing_call_count,next_week,evening,history_plus_fingerprint,8547,5012,556,556,0.546934853430278,0.32768709326924206,0.7483413991842833
outgoing_call_count,next_week,evening,history_fingerprint_plus_today,8547,5012,556,556,0.545740395573441,0.3269114464973713,0.7443266208825297
bluetooth_unique_devices,tomorrow,morning,calendar_only,14625,8336,694,694,-0.0018359457848884375,1.5041996972849272,0.028291886898747055
bluetooth_unique_devices,tomorrow,morning,recent_history_only,14625,8336,694,694,0.5442914165813106,1.0432277558086105,0.7388878864963747
bluetooth_unique_devices,tomorrow,morning,fingerprint_42d_only,14625,8336,694,694,0.5453572467874437,1.0325774463545625,0.7393258723039328
bluetooth_unique_devices,tomorrow,morning,today_partial_only,14625,8336,694,694,0.3656795346133209,1.2056022241223416,0.6077370393041246
bluetooth_unique_devices,tomorrow,morning,history_plus_fingerprint,14625,8336,694,694,0.5498548199983613,1.0315355876595989,0.7423126859808619
bluetooth_unique_devices,tomorrow,morning,history_fingerprint_plus_today,14625,8336,694,694,0.5509483397436461,1.0311065652041613,0.7430297870925975
bluetooth_unique_devices,tomorrow,afternoon,calendar_only,14625,8336,694,694,-0.0018359457848884375,1.5041996972849272,0.028291886898747055
bluetooth_unique_devices,tomorrow,afternoon,recent_history_only,14625,8336,694,694,0.5442914165813106,1.0432277558086105,0.7388878864963747
bluetooth_unique_devices,tomorrow,afternoon,fingerprint_42d_only,14625,8336,694,694,0.5453572467874437,1.0325774463545625,0.7393258723039328
bluetooth_unique_devices,tomorrow,afternoon,today_partial_only,14625,8336,694,694,0.41563487855897296,1.1715884947266384,0.6502986931479384
bluetooth_unique_devices,tomorrow,afternoon,history_plus_fingerprint,14625,8336,694,694,0.5498548199983613,1.0315355876595989,0.7423126859808619
bluetooth_unique_devices,tomorrow,afternoon,history_fingerprint_plus_today,14625,8336,694,694,0.5512158343666022,1.0311383119811466,0.7432190760288259
bluetooth_unique_devices,tomorrow,evening,calendar_only,14625,8336,694,694,-0.0018359457848884375,1.5041996972849272,0.028291886898747055
bluetooth_unique_devices,tomorrow,evening,recent_history_only,14625,8336,694,694,0.5442914165813106,1.0432277558086105,0.7388878864963747
bluetooth_unique_devices,tomorrow,evening,fingerprint_42d_only,14625,8336,694,694,0.5453572467874437,1.0325774463545625,0.7393258723039328
bluetooth_unique_devices,tomorrow,evening,today_partial_only,14625,8336,694,694,0.4786010641562709,1.1111368345445862,0.6936651599655976
bluetooth_unique_devices,tomorrow,evening,history_plus_fingerprint,14625,8336,694,694,0.5498548199983613,1.0315355876595989,0.7423126859808619
bluetooth_unique_devices,tomorrow,evening,history_fingerprint_plus_today,14625,8336,694,694,0.5608421593096145,1.0242581712276204,0.7497184686685076
bluetooth_unique_devices,next_week,morning,calendar_only,13767,7895,680,680,-0.0011832687004995623,1.4014426139657912,0.001066842434457334
bluetooth_unique_devices,next_week,morning,recent_history_only,13767,7895,680,680,0.6124292480034434,0.8944065836105437,0.7831931512839824
bluetooth_unique_devices,next_week,morning,fingerprint_42d_only,13767,7895,680,680,0.629595471619745,0.8734338191814198,0.7935562810761458
bluetooth_unique_devices,next_week,morning,today_partial_only,13767,7895,680,680,0.39385852869989346,1.0723566646924394,0.6277958883756427
bluetooth_unique_devices,next_week,morning,history_plus_fingerprint,13767,7895,680,680,0.6304187243968495,0.8722133160512029,0.7940923020286694
bluetooth_unique_devices,next_week,morning,history_fingerprint_plus_today,13767,7895,680,680,0.6304091178078941,0.8723262480350871,0.7940860477745078
bluetooth_unique_devices,next_week,afternoon,calendar_only,13767,7895,680,680,-0.0011832687004995623,1.4014426139657912,0.001066842434457334
bluetooth_unique_devices,next_week,afternoon,recent_history_only,13767,7895,680,680,0.6124292480034434,0.8944065836105437,0.7831931512839824
bluetooth_unique_devices,next_week,afternoon,fingerprint_42d_only,13767,7895,680,680,0.629595471619745,0.8734338191814198,0.7935562810761458
bluetooth_unique_devices,next_week,afternoon,today_partial_only,13767,7895,680,680,0.4473812824841361,1.0368346349612199,0.670057485433743
bluetooth_unique_devices,next_week,afternoon,history_plus_fingerprint,13767,7895,680,680,0.6304187243968495,0.8722133160512029,0.7940923020286694
bluetooth_unique_devices,next_week,afternoon,history_fingerprint_plus_today,13767,7895,680,680,0.6302328520791375,0.8722925785075218,0.7939661965615133
bluetooth_unique_devices,next_week,evening,calendar_only,13767,7895,680,680,-0.0011832687004995623,1.4014426139657912,0.001066842434457334
bluetooth_unique_devices,next_week,evening,recent_history_only,13767,7895,680,680,0.6124292480034434,0.8944065836105437,0.7831931512839824
bluetooth_unique_devices,next_week,evening,fingerprint_42d_only,13767,7895,680,680,0.629595471619745,0.8734338191814198,0.7935562810761458
bluetooth_unique_devices,next_week,evening,today_partial_only,13767,7895,680,680,0.4987101349806231,0.9856882031850108,0.706594792658869
bluetooth_unique_devices,next_week,evening,history_plus_fingerprint,13767,7895,680,680,0.6304187243968495,0.8722133160512029,0.7940923020286694
bluetooth_unique_devices,next_week,evening,history_fingerprint_plus_today,13767,7895,680,680,0.6328112385650028,0.8712588980712171,0.7956227791801043
wifi_unique_devices,tomorrow,morning,calendar_only,9527,5399,394,394,0.004813725513592604,0.6556979582563852,0.1026571426303237
wifi_unique_devices,tomorrow,morning,recent_history_only,9527,5399,394,394,0.48973010255927596,0.46517409717545916,0.7025139377502403
wifi_unique_devices,tomorrow,morning,fingerprint_42d_only,9527,5399,394,394,0.4832361794049831,0.4696111706671424,0.6993790373659265
wifi_unique_devices,tomorrow,morning,today_partial_only,9527,5399,394,394,0.22517913045501736,0.5702463867413678,0.4808278564895696
wifi_unique_devices,tomorrow,morning,history_plus_fingerprint,9527,5399,394,394,0.49124383844849573,0.4663251981724545,0.7046634363527292
wifi_unique_devices,tomorrow,morning,history_fingerprint_plus_today,9527,5399,394,394,0.49222439591183165,0.4659585203447419,0.7054521246936291
wifi_unique_devices,tomorrow,afternoon,calendar_only,9527,5399,394,394,0.004813725513592604,0.6556979582563852,0.1026571426303237
wifi_unique_devices,tomorrow,afternoon,recent_history_only,9527,5399,394,394,0.48973010255927596,0.46517409717545916,0.7025139377502403
wifi_unique_devices,tomorrow,afternoon,fingerprint_42d_only,9527,5399,394,394,0.4832361794049831,0.4696111706671424,0.6993790373659265
wifi_unique_devices,tomorrow,afternoon,today_partial_only,9527,5399,394,394,0.3598080898955023,0.514414301399176,0.6013557282875209
wifi_unique_devices,tomorrow,afternoon,history_plus_fingerprint,9527,5399,394,394,0.49124383844849573,0.4663251981724545,0.7046634363527292
wifi_unique_devices,tomorrow,afternoon,history_fingerprint_plus_today,9527,5399,394,394,0.5014853015439896,0.4606485186885169,0.7114735994157545
wifi_unique_devices,tomorrow,evening,calendar_only,9527,5399,394,394,0.004813725513592604,0.6556979582563852,0.1026571426303237
wifi_unique_devices,tomorrow,evening,recent_history_only,9527,5399,394,394,0.48973010255927596,0.46517409717545916,0.7025139377502403
wifi_unique_devices,tomorrow,evening,fingerprint_42d_only,9527,5399,394,394,0.4832361794049831,0.4696111706671424,0.6993790373659265
wifi_unique_devices,tomorrow,evening,today_partial_only,9527,5399,394,394,0.42773895509314663,0.48418062066890366,0.6559939035895471
wifi_unique_devices,tomorrow,evening,history_plus_fingerprint,9527,5399,394,394,0.49124383844849573,0.4663251981724545,0.7046634363527292
wifi_unique_devices,tomorrow,evening,history_fingerprint_plus_today,9527,5399,394,394,0.5201742347678053,0.4514463112233495,0.7244520498906056
wifi_unique_devices,next_week,morning,calendar_only,8909,5078,394,394,0.0009601105218165484,0.6030847662251829,0.07395608175073301
wifi_unique_devices,next_week,morning,recent_history_only,8909,5078,394,394,0.6751825867109892,0.3525408869893384,0.82329228797286
wifi_unique_devices,next_week,morning,fingerprint_42d_only,8909,5078,394,394,0.6790965022423432,0.3528339120265417,0.827487843777553
wifi_unique_devices,next_week,morning,today_partial_only,8909,5078,394,394,0.3019526850116282,0.5011734970989361,0.55456116894702
wifi_unique_devices,next_week,morning,history_plus_fingerprint,8909,5078,394,394,0.686669116949657,0.3490665349040182,0.8317288224038216
wifi_unique_devices,next_week,morning,history_fingerprint_plus_today,8909,5078,394,394,0.6865982029184708,0.3491082908612957,0.83166705120237
wifi_unique_devices,next_week,afternoon,calendar_only,8909,5078,394,394,0.0009601105218165484,0.6030847662251829,0.07395608175073301
wifi_unique_devices,next_week,afternoon,recent_history_only,8909,5078,394,394,0.6751825867109892,0.3525408869893384,0.82329228797286
wifi_unique_devices,next_week,afternoon,fingerprint_42d_only,8909,5078,394,394,0.6790965022423432,0.3528339120265417,0.827487843777553
wifi_unique_devices,next_week,afternoon,today_partial_only,8909,5078,394,394,0.45057546778983437,0.4389747808603604,0.6732367783255284
wifi_unique_devices,next_week,afternoon,history_plus_fingerprint,8909,5078,394,394,0.686669116949657,0.3490665349040182,0.8317288224038216
wifi_unique_devices,next_week,afternoon,history_fingerprint_plus_today,8909,5078,394,394,0.6887310337262056,0.3469654429358775,0.8327712923003127
wifi_unique_devices,next_week,evening,calendar_only,8909,5078,394,394,0.0009601105218165484,0.6030847662251829,0.07395608175073301
wifi_unique_devices,next_week,evening,recent_history_only,8909,5078,394,394,0.6751825867109892,0.3525408869893384,0.82329228797286
wifi_unique_devices,next_week,evening,fingerprint_42d_only,8909,5078,394,394,0.6790965022423432,0.3528339120265417,0.827487843777553
wifi_unique_devices,next_week,evening,today_partial_only,8909,5078,394,394,0.5140226911318061,0.41039452397431403,0.7185413825069769
wifi_unique_devices,next_week,evening,history_plus_fingerprint,8909,5078,394,394,0.686669116949657,0.3490665349040182,0.8317288224038216
wifi_unique_devices,next_week,evening,history_fingerprint_plus_today,8909,5078,394,394,0.6940670148202323,0.34297919589842685,0.835971699419815
